[resume] resumed from the checkpoint of iteration 4320 (1,658,880 matches), league rebuilt from 6 checkpoints; the optimiser state starts fresh
{"iteration": 4321, "phase": "reinforce", "matches": 1659264, "train_win_rate": 0.5495, "decisions": 9633, "entropy": 1.2821, "league": 6, "minutes": 0.02}
{"iteration": 4322, "phase": "reinforce", "matches": 1659648, "train_win_rate": 0.5417, "decisions": 9715, "entropy": 1.2817, "league": 6, "minutes": 0.03}
{"iteration": 4323, "phase": "reinforce", "matches": 1660032, "train_win_rate": 0.5521, "decisions": 10060, "entropy": 1.3031, "league": 6, "minutes": 0.05}
{"iteration": 4324, "phase": "reinforce", "matches": 1660416, "train_win_rate": 0.5573, "decisions": 9649, "entropy": 1.2888, "league": 6, "minutes": 0.06}
{"iteration": 4325, "phase": "reinforce", "matches": 1660800, "train_win_rate": 0.5208, "decisions": 9937, "entropy": 1.2976, "league": 6, "minutes": 0.08}
{"iteration": 4326, "phase": "reinforce", "matches": 1661184, "train_win_rate": 0.474, "decisions": 9802, "entropy": 1.2975, "league": 6, "minutes": 0.09}
{"iteration": 4327, "phase": "reinforce", "matches": 1661568, "train_win_rate": 0.4922, "decisions": 10042, "entropy": 1.3291, "league": 6, "minutes": 0.11}
{"iteration": 4328, "phase": "reinforce", "matches": 1661952, "train_win_rate": 0.5234, "decisions": 9900, "entropy": 1.3085, "league": 6, "minutes": 0.13}
{"iteration": 4329, "phase": "reinforce", "matches": 1662336, "train_win_rate": 0.5729, "decisions": 9969, "entropy": 1.3024, "league": 6, "minutes": 0.15}
{"iteration": 4330, "phase": "reinforce", "matches": 1662720, "train_win_rate": 0.5, "decisions": 9698, "entropy": 1.3067, "league": 6, "minutes": 0.17}
{"iteration": 4331, "phase": "reinforce", "matches": 1663104, "train_win_rate": 0.5026, "decisions": 9755, "entropy": 1.299, "league": 6, "minutes": 0.21}
{"iteration": 4332, "phase": "reinforce", "matches": 1663488, "train_win_rate": 0.5, "decisions": 9817, "entropy": 1.3096, "league": 6, "minutes": 0.24}
{"iteration": 4333, "phase": "reinforce", "matches": 1663872, "train_win_rate": 0.5182, "decisions": 9472, "entropy": 1.3015, "league": 6, "minutes": 0.27}
{"iteration": 4334, "phase": "reinforce", "matches": 1664256, "train_win_rate": 0.5859, "decisions": 9871, "entropy": 1.2823, "league": 6, "minutes": 0.3}
{"iteration": 4335, "phase": "reinforce", "matches": 1664640, "train_win_rate": 0.5312, "decisions": 9724, "entropy": 1.3073, "league": 6, "minutes": 0.33}
{"iteration": 4336, "phase": "reinforce", "matches": 1665024, "train_win_rate": 0.513, "decisions": 9700, "entropy": 1.2874, "league": 6, "minutes": 0.36}
{"iteration": 4337, "phase": "reinforce", "matches": 1665408, "train_win_rate": 0.5156, "decisions": 9826, "entropy": 1.2822, "league": 6, "minutes": 0.39}
{"iteration": 4338, "phase": "reinforce", "matches": 1665792, "train_win_rate": 0.5417, "decisions": 9896, "entropy": 1.2955, "league": 6, "minutes": 0.42}
{"iteration": 4339, "phase": "reinforce", "matches": 1666176, "train_win_rate": 0.5052, "decisions": 9743, "entropy": 1.2942, "league": 6, "minutes": 0.45}
{"iteration": 4340, "phase": "reinforce", "matches": 1666560, "train_win_rate": 0.5339, "decisions": 9775, "entropy": 1.2953, "league": 6, "minutes": 0.48}
{"iteration": 4341, "phase": "reinforce", "matches": 1666944, "train_win_rate": 0.5443, "decisions": 9761, "entropy": 1.3001, "league": 6, "minutes": 0.51}
{"iteration": 4342, "phase": "reinforce", "matches": 1667328, "train_win_rate": 0.5312, "decisions": 9873, "entropy": 1.3068, "league": 6, "minutes": 0.54}
{"iteration": 4343, "phase": "reinforce", "matches": 1667712, "train_win_rate": 0.5182, "decisions": 10027, "entropy": 1.3261, "league": 6, "minutes": 0.57}
{"iteration": 4344, "phase": "reinforce", "matches": 1668096, "train_win_rate": 0.5, "decisions": 9859, "entropy": 1.3157, "league": 6, "minutes": 0.59}
{"iteration": 4345, "phase": "reinforce", "matches": 1668480, "train_win_rate": 0.5104, "decisions": 9841, "entropy": 1.3109, "league": 6, "minutes": 0.62}
{"iteration": 4346, "phase": "reinforce", "matches": 1668864, "train_win_rate": 0.5938, "decisions": 10091, "entropy": 1.2793, "league": 6, "minutes": 0.64}
{"iteration": 4347, "phase": "reinforce", "matches": 1669248, "train_win_rate": 0.5625, "decisions": 10026, "entropy": 1.3013, "league": 6, "minutes": 0.67}
{"iteration": 4348, "phase": "reinforce", "matches": 1669632, "train_win_rate": 0.513, "decisions": 9886, "entropy": 1.3085, "league": 6, "minutes": 0.69}
{"iteration": 4349, "phase": "reinforce", "matches": 1670016, "train_win_rate": 0.5234, "decisions": 9917, "entropy": 1.3033, "league": 6, "minutes": 0.72}
{"iteration": 4350, "phase": "reinforce", "matches": 1670400, "train_win_rate": 0.5, "decisions": 9624, "entropy": 1.3051, "league": 6, "minutes": 0.75}
{"iteration": 4351, "phase": "reinforce", "matches": 1670784, "train_win_rate": 0.5312, "decisions": 9869, "entropy": 1.2854, "league": 6, "minutes": 0.78}
{"iteration": 4352, "phase": "reinforce", "matches": 1671168, "train_win_rate": 0.4844, "decisions": 9971, "entropy": 1.307, "league": 6, "minutes": 0.8}
{"iteration": 4353, "phase": "reinforce", "matches": 1671552, "train_win_rate": 0.5781, "decisions": 9986, "entropy": 1.2955, "league": 6, "minutes": 0.83}
{"iteration": 4354, "phase": "reinforce", "matches": 1671936, "train_win_rate": 0.5391, "decisions": 10191, "entropy": 1.3069, "league": 6, "minutes": 0.87}
{"iteration": 4355, "phase": "reinforce", "matches": 1672320, "train_win_rate": 0.5208, "decisions": 10079, "entropy": 1.3321, "league": 6, "minutes": 0.9}
{"iteration": 4356, "phase": "reinforce", "matches": 1672704, "train_win_rate": 0.5573, "decisions": 10127, "entropy": 1.2971, "league": 6, "minutes": 0.93}
{"iteration": 4357, "phase": "reinforce", "matches": 1673088, "train_win_rate": 0.5286, "decisions": 9541, "entropy": 1.2962, "league": 6, "minutes": 0.95}
{"iteration": 4358, "phase": "reinforce", "matches": 1673472, "train_win_rate": 0.5599, "decisions": 9718, "entropy": 1.2929, "league": 6, "minutes": 0.98}
{"iteration": 4359, "phase": "reinforce", "matches": 1673856, "train_win_rate": 0.5339, "decisions": 9776, "entropy": 1.3011, "league": 6, "minutes": 1.0}
{"iteration": 4360, "phase": "reinforce", "matches": 1674240, "train_win_rate": 0.5807, "decisions": 10041, "entropy": 1.2758, "league": 6, "minutes": 1.03}
[best] new best mean edge 3.113 at iteration 4360
{"iteration": 4360, "eval_mean_edge": 3.113, "by_size": {"2": 0.9267, "3": 0.8817, "4": 0.8033, "5": 0.7767, "6": 0.6617}}
{"iteration": 4361, "phase": "reinforce", "matches": 1674624, "train_win_rate": 0.5573, "decisions": 9722, "entropy": 1.2879, "league": 6, "minutes": 1.21}
{"iteration": 4362, "phase": "reinforce", "matches": 1675008, "train_win_rate": 0.5208, "decisions": 9547, "entropy": 1.2879, "league": 6, "minutes": 1.23}
{"iteration": 4363, "phase": "reinforce", "matches": 1675392, "train_win_rate": 0.4714, "decisions": 9900, "entropy": 1.2997, "league": 6, "minutes": 1.26}
{"iteration": 4364, "phase": "reinforce", "matches": 1675776, "train_win_rate": 0.5339, "decisions": 9717, "entropy": 1.2727, "league": 6, "minutes": 1.28}
{"iteration": 4365, "phase": "reinforce", "matches": 1676160, "train_win_rate": 0.5078, "decisions": 9687, "entropy": 1.2932, "league": 6, "minutes": 1.31}
{"iteration": 4366, "phase": "reinforce", "matches": 1676544, "train_win_rate": 0.5885, "decisions": 9961, "entropy": 1.2922, "league": 6, "minutes": 1.34}
{"iteration": 4367, "phase": "reinforce", "matches": 1676928, "train_win_rate": 0.5339, "decisions": 10212, "entropy": 1.316, "league": 6, "minutes": 1.37}
{"iteration": 4368, "phase": "reinforce", "matches": 1677312, "train_win_rate": 0.5052, "decisions": 9953, "entropy": 1.3089, "league": 6, "minutes": 1.4}
{"iteration": 4369, "phase": "reinforce", "matches": 1677696, "train_win_rate": 0.487, "decisions": 9866, "entropy": 1.2987, "league": 6, "minutes": 1.43}
{"iteration": 4370, "phase": "reinforce", "matches": 1678080, "train_win_rate": 0.5495, "decisions": 9871, "entropy": 1.2818, "league": 6, "minutes": 1.46}
[league] snapshot 6 added to the league at iteration 4370
{"iteration": 4371, "phase": "reinforce", "matches": 1678464, "train_win_rate": 0.5078, "decisions": 9677, "entropy": 1.3115, "league": 6, "minutes": 1.49}
{"iteration": 4372, "phase": "reinforce", "matches": 1678848, "train_win_rate": 0.5156, "decisions": 9841, "entropy": 1.2899, "league": 6, "minutes": 1.52}
{"iteration": 4373, "phase": "reinforce", "matches": 1679232, "train_win_rate": 0.5521, "decisions": 9657, "entropy": 1.2795, "league": 6, "minutes": 1.55}
{"iteration": 4374, "phase": "reinforce", "matches": 1679616, "train_win_rate": 0.487, "decisions": 9797, "entropy": 1.2985, "league": 6, "minutes": 1.57}
{"iteration": 4375, "phase": "reinforce", "matches": 1680000, "train_win_rate": 0.5443, "decisions": 9812, "entropy": 1.2765, "league": 6, "minutes": 1.6}
{"iteration": 4376, "phase": "reinforce", "matches": 1680384, "train_win_rate": 0.5443, "decisions": 9781, "entropy": 1.2958, "league": 6, "minutes": 1.64}
{"iteration": 4377, "phase": "reinforce", "matches": 1680768, "train_win_rate": 0.5339, "decisions": 9866, "entropy": 1.2914, "league": 6, "minutes": 1.67}
{"iteration": 4378, "phase": "reinforce", "matches": 1681152, "train_win_rate": 0.5104, "decisions": 9861, "entropy": 1.3128, "league": 6, "minutes": 1.71}
{"iteration": 4379, "phase": "reinforce", "matches": 1681536, "train_win_rate": 0.5365, "decisions": 9824, "entropy": 1.2959, "league": 6, "minutes": 1.74}
{"iteration": 4380, "phase": "reinforce", "matches": 1681920, "train_win_rate": 0.5573, "decisions": 10388, "entropy": 1.3097, "league": 6, "minutes": 1.77}
{"iteration": 4381, "phase": "reinforce", "matches": 1682304, "train_win_rate": 0.4974, "decisions": 10043, "entropy": 1.3062, "league": 6, "minutes": 1.8}
{"iteration": 4382, "phase": "reinforce", "matches": 1682688, "train_win_rate": 0.5651, "decisions": 10215, "entropy": 1.2922, "league": 6, "minutes": 1.83}
{"iteration": 4383, "phase": "reinforce", "matches": 1683072, "train_win_rate": 0.5391, "decisions": 10050, "entropy": 1.3082, "league": 6, "minutes": 1.85}
{"iteration": 4384, "phase": "reinforce", "matches": 1683456, "train_win_rate": 0.5677, "decisions": 9987, "entropy": 1.3124, "league": 6, "minutes": 1.88}
{"iteration": 4385, "phase": "reinforce", "matches": 1683840, "train_win_rate": 0.5052, "decisions": 9876, "entropy": 1.3117, "league": 6, "minutes": 1.91}
{"iteration": 4386, "phase": "reinforce", "matches": 1684224, "train_win_rate": 0.4948, "decisions": 9958, "entropy": 1.3013, "league": 6, "minutes": 1.93}
{"iteration": 4387, "phase": "reinforce", "matches": 1684608, "train_win_rate": 0.5078, "decisions": 10141, "entropy": 1.3142, "league": 6, "minutes": 1.96}
{"iteration": 4388, "phase": "reinforce", "matches": 1684992, "train_win_rate": 0.5052, "decisions": 10015, "entropy": 1.3236, "league": 6, "minutes": 1.99}
{"iteration": 4389, "phase": "reinforce", "matches": 1685376, "train_win_rate": 0.6042, "decisions": 9633, "entropy": 1.2701, "league": 6, "minutes": 2.01}
{"iteration": 4390, "phase": "reinforce", "matches": 1685760, "train_win_rate": 0.5365, "decisions": 9862, "entropy": 1.2805, "league": 6, "minutes": 2.03}
{"iteration": 4391, "phase": "reinforce", "matches": 1686144, "train_win_rate": 0.5234, "decisions": 9973, "entropy": 1.2923, "league": 6, "minutes": 2.06}
{"iteration": 4392, "phase": "reinforce", "matches": 1686528, "train_win_rate": 0.4818, "decisions": 9931, "entropy": 1.2918, "league": 6, "minutes": 2.09}
{"iteration": 4393, "phase": "reinforce", "matches": 1686912, "train_win_rate": 0.5964, "decisions": 10041, "entropy": 1.2663, "league": 6, "minutes": 2.12}
{"iteration": 4394, "phase": "reinforce", "matches": 1687296, "train_win_rate": 0.5391, "decisions": 9849, "entropy": 1.2949, "league": 6, "minutes": 2.15}
{"iteration": 4395, "phase": "reinforce", "matches": 1687680, "train_win_rate": 0.5547, "decisions": 9844, "entropy": 1.2782, "league": 6, "minutes": 2.17}
{"iteration": 4396, "phase": "reinforce", "matches": 1688064, "train_win_rate": 0.5625, "decisions": 9915, "entropy": 1.2765, "league": 6, "minutes": 2.2}
{"iteration": 4397, "phase": "reinforce", "matches": 1688448, "train_win_rate": 0.5495, "decisions": 9737, "entropy": 1.2623, "league": 6, "minutes": 2.22}
{"iteration": 4398, "phase": "reinforce", "matches": 1688832, "train_win_rate": 0.5339, "decisions": 9935, "entropy": 1.2779, "league": 6, "minutes": 2.25}
{"iteration": 4399, "phase": "reinforce", "matches": 1689216, "train_win_rate": 0.5339, "decisions": 9916, "entropy": 1.2769, "league": 6, "minutes": 2.27}
{"iteration": 4400, "phase": "reinforce", "matches": 1689600, "train_win_rate": 0.5625, "decisions": 9783, "entropy": 1.2617, "league": 6, "minutes": 2.3}
{"iteration": 4400, "eval_mean_edge": 3.071, "by_size": {"2": 0.9467, "3": 0.8533, "4": 0.8333, "5": 0.7633, "6": 0.625}}
{"iteration": 4401, "phase": "reinforce", "matches": 1689984, "train_win_rate": 0.5443, "decisions": 9993, "entropy": 1.2838, "league": 6, "minutes": 2.45}
{"iteration": 4402, "phase": "reinforce", "matches": 1690368, "train_win_rate": 0.5052, "decisions": 9785, "entropy": 1.2746, "league": 6, "minutes": 2.48}
{"iteration": 4403, "phase": "reinforce", "matches": 1690752, "train_win_rate": 0.5677, "decisions": 9823, "entropy": 1.2707, "league": 6, "minutes": 2.5}
{"iteration": 4404, "phase": "reinforce", "matches": 1691136, "train_win_rate": 0.6042, "decisions": 9872, "entropy": 1.2933, "league": 6, "minutes": 2.53}
{"iteration": 4405, "phase": "reinforce", "matches": 1691520, "train_win_rate": 0.5365, "decisions": 10122, "entropy": 1.2853, "league": 6, "minutes": 2.55}
{"iteration": 4406, "phase": "reinforce", "matches": 1691904, "train_win_rate": 0.5625, "decisions": 10134, "entropy": 1.2803, "league": 6, "minutes": 2.58}
{"iteration": 4407, "phase": "reinforce", "matches": 1692288, "train_win_rate": 0.526, "decisions": 9634, "entropy": 1.279, "league": 6, "minutes": 2.6}
{"iteration": 4408, "phase": "reinforce", "matches": 1692672, "train_win_rate": 0.5469, "decisions": 9975, "entropy": 1.2945, "league": 6, "minutes": 2.63}
{"iteration": 4409, "phase": "reinforce", "matches": 1693056, "train_win_rate": 0.5339, "decisions": 9827, "entropy": 1.3063, "league": 6, "minutes": 2.65}
{"iteration": 4410, "phase": "reinforce", "matches": 1693440, "train_win_rate": 0.5547, "decisions": 9973, "entropy": 1.2805, "league": 6, "minutes": 2.68}
{"iteration": 4411, "phase": "reinforce", "matches": 1693824, "train_win_rate": 0.5443, "decisions": 9642, "entropy": 1.2795, "league": 6, "minutes": 2.7}
{"iteration": 4412, "phase": "reinforce", "matches": 1694208, "train_win_rate": 0.487, "decisions": 9862, "entropy": 1.301, "league": 6, "minutes": 2.73}
{"iteration": 4413, "phase": "reinforce", "matches": 1694592, "train_win_rate": 0.4922, "decisions": 10153, "entropy": 1.3463, "league": 6, "minutes": 2.75}
{"iteration": 4414, "phase": "reinforce", "matches": 1694976, "train_win_rate": 0.526, "decisions": 10039, "entropy": 1.299, "league": 6, "minutes": 2.78}
{"iteration": 4415, "phase": "reinforce", "matches": 1695360, "train_win_rate": 0.4948, "decisions": 9704, "entropy": 1.3055, "league": 6, "minutes": 2.8}
{"iteration": 4416, "phase": "reinforce", "matches": 1695744, "train_win_rate": 0.5052, "decisions": 9494, "entropy": 1.3043, "league": 6, "minutes": 2.83}
{"iteration": 4417, "phase": "reinforce", "matches": 1696128, "train_win_rate": 0.5469, "decisions": 9855, "entropy": 1.2892, "league": 6, "minutes": 2.85}
{"iteration": 4418, "phase": "reinforce", "matches": 1696512, "train_win_rate": 0.526, "decisions": 10091, "entropy": 1.2903, "league": 6, "minutes": 2.88}
{"iteration": 4419, "phase": "reinforce", "matches": 1696896, "train_win_rate": 0.5156, "decisions": 9539, "entropy": 1.2801, "league": 6, "minutes": 2.9}
{"iteration": 4420, "phase": "reinforce", "matches": 1697280, "train_win_rate": 0.5365, "decisions": 9913, "entropy": 1.2982, "league": 6, "minutes": 2.93}
[league] snapshot 6 added to the league at iteration 4420
{"iteration": 4421, "phase": "reinforce", "matches": 1697664, "train_win_rate": 0.5547, "decisions": 9799, "entropy": 1.2956, "league": 6, "minutes": 2.96}
{"iteration": 4422, "phase": "reinforce", "matches": 1698048, "train_win_rate": 0.5156, "decisions": 9580, "entropy": 1.292, "league": 6, "minutes": 2.98}
{"iteration": 4423, "phase": "reinforce", "matches": 1698432, "train_win_rate": 0.5156, "decisions": 9735, "entropy": 1.3008, "league": 6, "minutes": 3.01}
{"iteration": 4424, "phase": "reinforce", "matches": 1698816, "train_win_rate": 0.5365, "decisions": 10158, "entropy": 1.3155, "league": 6, "minutes": 3.03}
{"iteration": 4425, "phase": "reinforce", "matches": 1699200, "train_win_rate": 0.5156, "decisions": 9726, "entropy": 1.3103, "league": 6, "minutes": 3.06}
{"iteration": 4426, "phase": "reinforce", "matches": 1699584, "train_win_rate": 0.5052, "decisions": 9628, "entropy": 1.2995, "league": 6, "minutes": 3.08}
{"iteration": 4427, "phase": "reinforce", "matches": 1699968, "train_win_rate": 0.5391, "decisions": 9850, "entropy": 1.31, "league": 6, "minutes": 3.11}
{"iteration": 4428, "phase": "reinforce", "matches": 1700352, "train_win_rate": 0.5208, "decisions": 9938, "entropy": 1.3182, "league": 6, "minutes": 3.13}
{"iteration": 4429, "phase": "reinforce", "matches": 1700736, "train_win_rate": 0.5469, "decisions": 9922, "entropy": 1.3017, "league": 6, "minutes": 3.16}
{"iteration": 4430, "phase": "reinforce", "matches": 1701120, "train_win_rate": 0.513, "decisions": 9541, "entropy": 1.2935, "league": 6, "minutes": 3.18}
{"iteration": 4431, "phase": "reinforce", "matches": 1701504, "train_win_rate": 0.5365, "decisions": 9649, "entropy": 1.2815, "league": 6, "minutes": 3.21}
{"iteration": 4432, "phase": "reinforce", "matches": 1701888, "train_win_rate": 0.4896, "decisions": 9877, "entropy": 1.3012, "league": 6, "minutes": 3.23}
{"iteration": 4433, "phase": "reinforce", "matches": 1702272, "train_win_rate": 0.5286, "decisions": 10452, "entropy": 1.3427, "league": 6, "minutes": 3.26}
{"iteration": 4434, "phase": "reinforce", "matches": 1702656, "train_win_rate": 0.5417, "decisions": 9543, "entropy": 1.2939, "league": 6, "minutes": 3.28}
{"iteration": 4435, "phase": "reinforce", "matches": 1703040, "train_win_rate": 0.5208, "decisions": 9675, "entropy": 1.3055, "league": 6, "minutes": 3.31}
{"iteration": 4436, "phase": "reinforce", "matches": 1703424, "train_win_rate": 0.5703, "decisions": 10068, "entropy": 1.2867, "league": 6, "minutes": 3.33}
{"iteration": 4437, "phase": "reinforce", "matches": 1703808, "train_win_rate": 0.5781, "decisions": 9698, "entropy": 1.2914, "league": 6, "minutes": 3.35}
{"iteration": 4438, "phase": "reinforce", "matches": 1704192, "train_win_rate": 0.5104, "decisions": 9826, "entropy": 1.3064, "league": 6, "minutes": 3.38}
{"iteration": 4439, "phase": "reinforce", "matches": 1704576, "train_win_rate": 0.5234, "decisions": 10215, "entropy": 1.3287, "league": 6, "minutes": 3.4}
{"iteration": 4440, "phase": "reinforce", "matches": 1704960, "train_win_rate": 0.5, "decisions": 9700, "entropy": 1.3271, "league": 6, "minutes": 3.43}
{"iteration": 4440, "eval_mean_edge": 3.026, "by_size": {"2": 0.9467, "3": 0.8433, "4": 0.8033, "5": 0.7483, "6": 0.625}}
{"iteration": 4441, "phase": "reinforce", "matches": 1705344, "train_win_rate": 0.5469, "decisions": 9631, "entropy": 1.2794, "league": 6, "minutes": 3.58}
{"iteration": 4442, "phase": "reinforce", "matches": 1705728, "train_win_rate": 0.5234, "decisions": 10027, "entropy": 1.3088, "league": 6, "minutes": 3.6}
{"iteration": 4443, "phase": "reinforce", "matches": 1706112, "train_win_rate": 0.5391, "decisions": 9988, "entropy": 1.3164, "league": 6, "minutes": 3.63}
{"iteration": 4444, "phase": "reinforce", "matches": 1706496, "train_win_rate": 0.4922, "decisions": 9640, "entropy": 1.2971, "league": 6, "minutes": 3.65}
{"iteration": 4445, "phase": "reinforce", "matches": 1706880, "train_win_rate": 0.5234, "decisions": 9698, "entropy": 1.2999, "league": 6, "minutes": 3.67}
{"iteration": 4446, "phase": "reinforce", "matches": 1707264, "train_win_rate": 0.5286, "decisions": 9555, "entropy": 1.3157, "league": 6, "minutes": 3.7}
{"iteration": 4447, "phase": "reinforce", "matches": 1707648, "train_win_rate": 0.5625, "decisions": 9896, "entropy": 1.3272, "league": 6, "minutes": 3.72}
{"iteration": 4448, "phase": "reinforce", "matches": 1708032, "train_win_rate": 0.5026, "decisions": 9718, "entropy": 1.3275, "league": 6, "minutes": 3.75}
{"iteration": 4449, "phase": "reinforce", "matches": 1708416, "train_win_rate": 0.5365, "decisions": 9780, "entropy": 1.311, "league": 6, "minutes": 3.77}
{"iteration": 4450, "phase": "reinforce", "matches": 1708800, "train_win_rate": 0.5573, "decisions": 9776, "entropy": 1.3186, "league": 6, "minutes": 3.8}
{"iteration": 4451, "phase": "reinforce", "matches": 1709184, "train_win_rate": 0.5156, "decisions": 9805, "entropy": 1.3035, "league": 6, "minutes": 3.82}
{"iteration": 4452, "phase": "reinforce", "matches": 1709568, "train_win_rate": 0.5156, "decisions": 9748, "entropy": 1.3191, "league": 6, "minutes": 3.85}
{"iteration": 4453, "phase": "reinforce", "matches": 1709952, "train_win_rate": 0.5417, "decisions": 9522, "entropy": 1.3294, "league": 6, "minutes": 3.87}
{"iteration": 4454, "phase": "reinforce", "matches": 1710336, "train_win_rate": 0.5443, "decisions": 9683, "entropy": 1.3067, "league": 6, "minutes": 3.89}
{"iteration": 4455, "phase": "reinforce", "matches": 1710720, "train_win_rate": 0.5365, "decisions": 9956, "entropy": 1.3212, "league": 6, "minutes": 3.92}
{"iteration": 4456, "phase": "reinforce", "matches": 1711104, "train_win_rate": 0.5156, "decisions": 9570, "entropy": 1.3088, "league": 6, "minutes": 3.94}
{"iteration": 4457, "phase": "reinforce", "matches": 1711488, "train_win_rate": 0.5078, "decisions": 9848, "entropy": 1.3017, "league": 6, "minutes": 3.97}
{"iteration": 4458, "phase": "reinforce", "matches": 1711872, "train_win_rate": 0.5391, "decisions": 9943, "entropy": 1.3263, "league": 6, "minutes": 3.99}
{"iteration": 4459, "phase": "reinforce", "matches": 1712256, "train_win_rate": 0.526, "decisions": 9659, "entropy": 1.3019, "league": 6, "minutes": 4.01}
{"iteration": 4460, "phase": "reinforce", "matches": 1712640, "train_win_rate": 0.4896, "decisions": 9719, "entropy": 1.3213, "league": 6, "minutes": 4.04}
{"iteration": 4461, "phase": "reinforce", "matches": 1713024, "train_win_rate": 0.5078, "decisions": 10032, "entropy": 1.3406, "league": 6, "minutes": 4.06}
{"iteration": 4462, "phase": "reinforce", "matches": 1713408, "train_win_rate": 0.5286, "decisions": 10047, "entropy": 1.3296, "league": 6, "minutes": 4.09}
{"iteration": 4463, "phase": "reinforce", "matches": 1713792, "train_win_rate": 0.5052, "decisions": 9653, "entropy": 1.3087, "league": 6, "minutes": 4.11}
{"iteration": 4464, "phase": "reinforce", "matches": 1714176, "train_win_rate": 0.5469, "decisions": 9922, "entropy": 1.3208, "league": 6, "minutes": 4.14}
{"iteration": 4465, "phase": "reinforce", "matches": 1714560, "train_win_rate": 0.5417, "decisions": 9745, "entropy": 1.3341, "league": 6, "minutes": 4.16}
{"iteration": 4466, "phase": "reinforce", "matches": 1714944, "train_win_rate": 0.5729, "decisions": 10088, "entropy": 1.3098, "league": 6, "minutes": 4.19}
{"iteration": 4467, "phase": "reinforce", "matches": 1715328, "train_win_rate": 0.5286, "decisions": 9921, "entropy": 1.3285, "league": 6, "minutes": 4.21}
{"iteration": 4468, "phase": "reinforce", "matches": 1715712, "train_win_rate": 0.5443, "decisions": 9767, "entropy": 1.3028, "league": 6, "minutes": 4.24}
{"iteration": 4469, "phase": "reinforce", "matches": 1716096, "train_win_rate": 0.4818, "decisions": 9709, "entropy": 1.3231, "league": 6, "minutes": 4.26}
{"iteration": 4470, "phase": "reinforce", "matches": 1716480, "train_win_rate": 0.5417, "decisions": 9344, "entropy": 1.3019, "league": 6, "minutes": 4.29}
[league] snapshot 6 added to the league at iteration 4470
{"iteration": 4471, "phase": "reinforce", "matches": 1716864, "train_win_rate": 0.5417, "decisions": 9758, "entropy": 1.313, "league": 6, "minutes": 4.31}
{"iteration": 4472, "phase": "reinforce", "matches": 1717248, "train_win_rate": 0.513, "decisions": 9637, "entropy": 1.3065, "league": 6, "minutes": 4.33}
{"iteration": 4473, "phase": "reinforce", "matches": 1717632, "train_win_rate": 0.5443, "decisions": 9692, "entropy": 1.3163, "league": 6, "minutes": 4.36}
{"iteration": 4474, "phase": "reinforce", "matches": 1718016, "train_win_rate": 0.5156, "decisions": 9775, "entropy": 1.316, "league": 6, "minutes": 4.38}
{"iteration": 4475, "phase": "reinforce", "matches": 1718400, "train_win_rate": 0.5365, "decisions": 10146, "entropy": 1.3216, "league": 6, "minutes": 4.41}
{"iteration": 4476, "phase": "reinforce", "matches": 1718784, "train_win_rate": 0.5469, "decisions": 10216, "entropy": 1.3576, "league": 6, "minutes": 4.43}
{"iteration": 4477, "phase": "reinforce", "matches": 1719168, "train_win_rate": 0.4974, "decisions": 9883, "entropy": 1.3221, "league": 6, "minutes": 4.46}
{"iteration": 4478, "phase": "reinforce", "matches": 1719552, "train_win_rate": 0.5286, "decisions": 9655, "entropy": 1.307, "league": 6, "minutes": 4.48}
{"iteration": 4479, "phase": "reinforce", "matches": 1719936, "train_win_rate": 0.5391, "decisions": 9650, "entropy": 1.3065, "league": 6, "minutes": 4.51}
{"iteration": 4480, "phase": "reinforce", "matches": 1720320, "train_win_rate": 0.5339, "decisions": 10406, "entropy": 1.3422, "league": 6, "minutes": 4.53}
{"iteration": 4480, "eval_mean_edge": 3.079, "by_size": {"2": 0.95, "3": 0.8617, "4": 0.795, "5": 0.75, "6": 0.6633}}
{"iteration": 4481, "phase": "reinforce", "matches": 1720704, "train_win_rate": 0.5208, "decisions": 9411, "entropy": 1.2852, "league": 6, "minutes": 4.68}
{"iteration": 4482, "phase": "reinforce", "matches": 1721088, "train_win_rate": 0.526, "decisions": 9693, "entropy": 1.298, "league": 6, "minutes": 4.71}
{"iteration": 4483, "phase": "reinforce", "matches": 1721472, "train_win_rate": 0.5286, "decisions": 9920, "entropy": 1.3113, "league": 6, "minutes": 4.73}
{"iteration": 4484, "phase": "reinforce", "matches": 1721856, "train_win_rate": 0.5443, "decisions": 9721, "entropy": 1.2993, "league": 6, "minutes": 4.76}
{"iteration": 4485, "phase": "reinforce", "matches": 1722240, "train_win_rate": 0.5391, "decisions": 9727, "entropy": 1.2967, "league": 6, "minutes": 4.78}
{"iteration": 4486, "phase": "reinforce", "matches": 1722624, "train_win_rate": 0.5052, "decisions": 9600, "entropy": 1.303, "league": 6, "minutes": 4.81}
{"iteration": 4487, "phase": "reinforce", "matches": 1723008, "train_win_rate": 0.5469, "decisions": 9847, "entropy": 1.3039, "league": 6, "minutes": 4.85}
{"iteration": 4488, "phase": "reinforce", "matches": 1723392, "train_win_rate": 0.5417, "decisions": 9632, "entropy": 1.2942, "league": 6, "minutes": 4.89}
{"iteration": 4489, "phase": "reinforce", "matches": 1723776, "train_win_rate": 0.4844, "decisions": 9851, "entropy": 1.3048, "league": 6, "minutes": 4.92}
{"iteration": 4490, "phase": "reinforce", "matches": 1724160, "train_win_rate": 0.5, "decisions": 9370, "entropy": 1.2796, "league": 6, "minutes": 4.96}
{"iteration": 4491, "phase": "reinforce", "matches": 1724544, "train_win_rate": 0.513, "decisions": 9817, "entropy": 1.3143, "league": 6, "minutes": 4.99}
{"iteration": 4492, "phase": "reinforce", "matches": 1724928, "train_win_rate": 0.5417, "decisions": 9573, "entropy": 1.2759, "league": 6, "minutes": 5.02}
{"iteration": 4493, "phase": "reinforce", "matches": 1725312, "train_win_rate": 0.5443, "decisions": 9653, "entropy": 1.2819, "league": 6, "minutes": 5.05}
{"iteration": 4494, "phase": "reinforce", "matches": 1725696, "train_win_rate": 0.5365, "decisions": 9649, "entropy": 1.2975, "league": 6, "minutes": 5.08}
{"iteration": 4495, "phase": "reinforce", "matches": 1726080, "train_win_rate": 0.5625, "decisions": 9553, "entropy": 1.2815, "league": 6, "minutes": 5.11}
{"iteration": 4496, "phase": "reinforce", "matches": 1726464, "train_win_rate": 0.5521, "decisions": 9806, "entropy": 1.291, "league": 6, "minutes": 5.14}
{"iteration": 4497, "phase": "reinforce", "matches": 1726848, "train_win_rate": 0.5182, "decisions": 9649, "entropy": 1.283, "league": 6, "minutes": 5.17}
{"iteration": 4498, "phase": "reinforce", "matches": 1727232, "train_win_rate": 0.526, "decisions": 9579, "entropy": 1.289, "league": 6, "minutes": 5.2}
{"iteration": 4499, "phase": "reinforce", "matches": 1727616, "train_win_rate": 0.5573, "decisions": 9687, "entropy": 1.2735, "league": 6, "minutes": 5.23}
{"iteration": 4500, "phase": "reinforce", "matches": 1728000, "train_win_rate": 0.5208, "decisions": 9623, "entropy": 1.2857, "league": 6, "minutes": 5.26}
{"iteration": 4501, "phase": "reinforce", "matches": 1728384, "train_win_rate": 0.5312, "decisions": 9497, "entropy": 1.2735, "league": 6, "minutes": 5.29}
{"iteration": 4502, "phase": "reinforce", "matches": 1728768, "train_win_rate": 0.5495, "decisions": 10118, "entropy": 1.2797, "league": 6, "minutes": 5.32}
{"iteration": 4503, "phase": "reinforce", "matches": 1729152, "train_win_rate": 0.5547, "decisions": 9999, "entropy": 1.2912, "league": 6, "minutes": 5.35}
{"iteration": 4504, "phase": "reinforce", "matches": 1729536, "train_win_rate": 0.5286, "decisions": 9549, "entropy": 1.2703, "league": 6, "minutes": 5.38}
{"iteration": 4505, "phase": "reinforce", "matches": 1729920, "train_win_rate": 0.5443, "decisions": 10095, "entropy": 1.3059, "league": 6, "minutes": 5.41}
{"iteration": 4506, "phase": "reinforce", "matches": 1730304, "train_win_rate": 0.5833, "decisions": 9541, "entropy": 1.274, "league": 6, "minutes": 5.44}
{"iteration": 4507, "phase": "reinforce", "matches": 1730688, "train_win_rate": 0.5365, "decisions": 9597, "entropy": 1.2802, "league": 6, "minutes": 5.47}
{"iteration": 4508, "phase": "reinforce", "matches": 1731072, "train_win_rate": 0.5599, "decisions": 9471, "entropy": 1.2741, "league": 6, "minutes": 5.5}
{"iteration": 4509, "phase": "reinforce", "matches": 1731456, "train_win_rate": 0.5469, "decisions": 9599, "entropy": 1.278, "league": 6, "minutes": 5.52}
{"iteration": 4510, "phase": "reinforce", "matches": 1731840, "train_win_rate": 0.513, "decisions": 9567, "entropy": 1.2992, "league": 6, "minutes": 5.55}
{"iteration": 4511, "phase": "reinforce", "matches": 1732224, "train_win_rate": 0.5365, "decisions": 9468, "entropy": 1.2862, "league": 6, "minutes": 5.58}
{"iteration": 4512, "phase": "reinforce", "matches": 1732608, "train_win_rate": 0.5469, "decisions": 9664, "entropy": 1.3164, "league": 6, "minutes": 5.61}
{"iteration": 4513, "phase": "reinforce", "matches": 1732992, "train_win_rate": 0.5052, "decisions": 9439, "entropy": 1.2745, "league": 6, "minutes": 5.64}
{"iteration": 4514, "phase": "reinforce", "matches": 1733376, "train_win_rate": 0.5182, "decisions": 9533, "entropy": 1.3024, "league": 6, "minutes": 5.67}
{"iteration": 4515, "phase": "reinforce", "matches": 1733760, "train_win_rate": 0.4844, "decisions": 9804, "entropy": 1.3126, "league": 6, "minutes": 5.7}
{"iteration": 4516, "phase": "reinforce", "matches": 1734144, "train_win_rate": 0.5, "decisions": 9881, "entropy": 1.314, "league": 6, "minutes": 5.73}
{"iteration": 4517, "phase": "reinforce", "matches": 1734528, "train_win_rate": 0.5156, "decisions": 10306, "entropy": 1.3129, "league": 6, "minutes": 5.76}
{"iteration": 4518, "phase": "reinforce", "matches": 1734912, "train_win_rate": 0.5417, "decisions": 9564, "entropy": 1.2917, "league": 6, "minutes": 5.79}
{"iteration": 4519, "phase": "reinforce", "matches": 1735296, "train_win_rate": 0.5469, "decisions": 9541, "entropy": 1.2719, "league": 6, "minutes": 5.82}
{"iteration": 4520, "phase": "reinforce", "matches": 1735680, "train_win_rate": 0.5495, "decisions": 9794, "entropy": 1.2874, "league": 6, "minutes": 5.85}
[league] snapshot 6 added to the league at iteration 4520
{"iteration": 4520, "eval_mean_edge": 3.067, "by_size": {"2": 0.945, "3": 0.875, "4": 0.8067, "5": 0.745, "6": 0.645}}
{"iteration": 4521, "phase": "reinforce", "matches": 1736064, "train_win_rate": 0.5391, "decisions": 9453, "entropy": 1.2927, "league": 6, "minutes": 6.03}
{"iteration": 4522, "phase": "reinforce", "matches": 1736448, "train_win_rate": 0.5286, "decisions": 9824, "entropy": 1.3272, "league": 6, "minutes": 6.06}
{"iteration": 4523, "phase": "reinforce", "matches": 1736832, "train_win_rate": 0.4948, "decisions": 9700, "entropy": 1.2994, "league": 6, "minutes": 6.09}
{"iteration": 4524, "phase": "reinforce", "matches": 1737216, "train_win_rate": 0.5, "decisions": 9803, "entropy": 1.3201, "league": 6, "minutes": 6.12}
{"iteration": 4525, "phase": "reinforce", "matches": 1737600, "train_win_rate": 0.4792, "decisions": 9662, "entropy": 1.2889, "league": 6, "minutes": 6.15}
{"iteration": 4526, "phase": "reinforce", "matches": 1737984, "train_win_rate": 0.5234, "decisions": 9748, "entropy": 1.3039, "league": 6, "minutes": 6.18}
{"iteration": 4527, "phase": "reinforce", "matches": 1738368, "train_win_rate": 0.513, "decisions": 9692, "entropy": 1.3079, "league": 6, "minutes": 6.21}
{"iteration": 4528, "phase": "reinforce", "matches": 1738752, "train_win_rate": 0.5417, "decisions": 9713, "entropy": 1.2979, "league": 6, "minutes": 6.25}
{"iteration": 4529, "phase": "reinforce", "matches": 1739136, "train_win_rate": 0.5703, "decisions": 9779, "entropy": 1.3038, "league": 6, "minutes": 6.28}
{"iteration": 4530, "phase": "reinforce", "matches": 1739520, "train_win_rate": 0.5312, "decisions": 9295, "entropy": 1.2988, "league": 6, "minutes": 6.31}
{"iteration": 4531, "phase": "reinforce", "matches": 1739904, "train_win_rate": 0.5495, "decisions": 9916, "entropy": 1.3191, "league": 6, "minutes": 6.35}
{"iteration": 4532, "phase": "reinforce", "matches": 1740288, "train_win_rate": 0.5365, "decisions": 9889, "entropy": 1.3401, "league": 6, "minutes": 6.38}
{"iteration": 4533, "phase": "reinforce", "matches": 1740672, "train_win_rate": 0.5234, "decisions": 9444, "entropy": 1.2989, "league": 6, "minutes": 6.41}
{"iteration": 4534, "phase": "reinforce", "matches": 1741056, "train_win_rate": 0.5286, "decisions": 9801, "entropy": 1.3117, "league": 6, "minutes": 6.43}
{"iteration": 4535, "phase": "reinforce", "matches": 1741440, "train_win_rate": 0.5521, "decisions": 9649, "entropy": 1.3099, "league": 6, "minutes": 6.46}
{"iteration": 4536, "phase": "reinforce", "matches": 1741824, "train_win_rate": 0.5443, "decisions": 9951, "entropy": 1.3164, "league": 6, "minutes": 6.48}
{"iteration": 4537, "phase": "reinforce", "matches": 1742208, "train_win_rate": 0.526, "decisions": 9791, "entropy": 1.3008, "league": 6, "minutes": 6.5}
{"iteration": 4538, "phase": "reinforce", "matches": 1742592, "train_win_rate": 0.526, "decisions": 10253, "entropy": 1.3541, "league": 6, "minutes": 6.53}
{"iteration": 4539, "phase": "reinforce", "matches": 1742976, "train_win_rate": 0.5104, "decisions": 9871, "entropy": 1.3225, "league": 6, "minutes": 6.55}
{"iteration": 4540, "phase": "reinforce", "matches": 1743360, "train_win_rate": 0.5547, "decisions": 9633, "entropy": 1.3003, "league": 6, "minutes": 6.57}
{"iteration": 4541, "phase": "reinforce", "matches": 1743744, "train_win_rate": 0.5078, "decisions": 10105, "entropy": 1.3275, "league": 6, "minutes": 6.6}
{"iteration": 4542, "phase": "reinforce", "matches": 1744128, "train_win_rate": 0.5208, "decisions": 9678, "entropy": 1.2958, "league": 6, "minutes": 6.62}
{"iteration": 4543, "phase": "reinforce", "matches": 1744512, "train_win_rate": 0.5234, "decisions": 9936, "entropy": 1.3223, "league": 6, "minutes": 6.64}
{"iteration": 4544, "phase": "reinforce", "matches": 1744896, "train_win_rate": 0.5339, "decisions": 9723, "entropy": 1.3069, "league": 6, "minutes": 6.67}
{"iteration": 4545, "phase": "reinforce", "matches": 1745280, "train_win_rate": 0.5365, "decisions": 9748, "entropy": 1.29, "league": 6, "minutes": 6.69}
{"iteration": 4546, "phase": "reinforce", "matches": 1745664, "train_win_rate": 0.513, "decisions": 9964, "entropy": 1.3191, "league": 6, "minutes": 6.71}
{"iteration": 4547, "phase": "reinforce", "matches": 1746048, "train_win_rate": 0.5365, "decisions": 9740, "entropy": 1.2867, "league": 6, "minutes": 6.73}
{"iteration": 4548, "phase": "reinforce", "matches": 1746432, "train_win_rate": 0.5677, "decisions": 9939, "entropy": 1.3066, "league": 6, "minutes": 6.76}
{"iteration": 4549, "phase": "reinforce", "matches": 1746816, "train_win_rate": 0.5339, "decisions": 10034, "entropy": 1.3202, "league": 6, "minutes": 6.78}
{"iteration": 4550, "phase": "reinforce", "matches": 1747200, "train_win_rate": 0.5651, "decisions": 9900, "entropy": 1.289, "league": 6, "minutes": 6.8}
{"iteration": 4551, "phase": "reinforce", "matches": 1747584, "train_win_rate": 0.5208, "decisions": 9627, "entropy": 1.3071, "league": 6, "minutes": 6.83}
{"iteration": 4552, "phase": "reinforce", "matches": 1747968, "train_win_rate": 0.4922, "decisions": 9747, "entropy": 1.3305, "league": 6, "minutes": 6.85}
{"iteration": 4553, "phase": "reinforce", "matches": 1748352, "train_win_rate": 0.5391, "decisions": 9781, "entropy": 1.3012, "league": 6, "minutes": 6.87}
{"iteration": 4554, "phase": "reinforce", "matches": 1748736, "train_win_rate": 0.4974, "decisions": 9565, "entropy": 1.2937, "league": 6, "minutes": 6.9}
{"iteration": 4555, "phase": "reinforce", "matches": 1749120, "train_win_rate": 0.5625, "decisions": 9915, "entropy": 1.2892, "league": 6, "minutes": 6.93}
{"iteration": 4556, "phase": "reinforce", "matches": 1749504, "train_win_rate": 0.526, "decisions": 10049, "entropy": 1.3053, "league": 6, "minutes": 6.95}
{"iteration": 4557, "phase": "reinforce", "matches": 1749888, "train_win_rate": 0.5182, "decisions": 9707, "entropy": 1.3059, "league": 6, "minutes": 6.97}
{"iteration": 4558, "phase": "reinforce", "matches": 1750272, "train_win_rate": 0.5521, "decisions": 9696, "entropy": 1.2912, "league": 6, "minutes": 7.0}
{"iteration": 4559, "phase": "reinforce", "matches": 1750656, "train_win_rate": 0.5833, "decisions": 9966, "entropy": 1.3021, "league": 6, "minutes": 7.02}
{"iteration": 4560, "phase": "reinforce", "matches": 1751040, "train_win_rate": 0.4896, "decisions": 9482, "entropy": 1.2803, "league": 6, "minutes": 7.05}
{"iteration": 4560, "eval_mean_edge": 3.066, "by_size": {"2": 0.945, "3": 0.8633, "4": 0.7983, "5": 0.7617, "6": 0.6417}}
{"iteration": 4561, "phase": "reinforce", "matches": 1751424, "train_win_rate": 0.4974, "decisions": 9669, "entropy": 1.3189, "league": 6, "minutes": 7.2}
{"iteration": 4562, "phase": "reinforce", "matches": 1751808, "train_win_rate": 0.6016, "decisions": 9689, "entropy": 1.2869, "league": 6, "minutes": 7.23}
{"iteration": 4563, "phase": "reinforce", "matches": 1752192, "train_win_rate": 0.5599, "decisions": 9609, "entropy": 1.2878, "league": 6, "minutes": 7.25}
{"iteration": 4564, "phase": "reinforce", "matches": 1752576, "train_win_rate": 0.5182, "decisions": 9301, "entropy": 1.2966, "league": 6, "minutes": 7.28}
{"iteration": 4565, "phase": "reinforce", "matches": 1752960, "train_win_rate": 0.5156, "decisions": 9776, "entropy": 1.304, "league": 6, "minutes": 7.3}
{"iteration": 4566, "phase": "reinforce", "matches": 1753344, "train_win_rate": 0.5052, "decisions": 9537, "entropy": 1.3009, "league": 6, "minutes": 7.33}
{"iteration": 4567, "phase": "reinforce", "matches": 1753728, "train_win_rate": 0.5391, "decisions": 9639, "entropy": 1.2861, "league": 6, "minutes": 7.36}
{"iteration": 4568, "phase": "reinforce", "matches": 1754112, "train_win_rate": 0.5339, "decisions": 9798, "entropy": 1.2965, "league": 6, "minutes": 7.38}
{"iteration": 4569, "phase": "reinforce", "matches": 1754496, "train_win_rate": 0.5391, "decisions": 9801, "entropy": 1.3239, "league": 6, "minutes": 7.41}
{"iteration": 4570, "phase": "reinforce", "matches": 1754880, "train_win_rate": 0.5365, "decisions": 9571, "entropy": 1.3001, "league": 6, "minutes": 7.43}
[league] snapshot 6 added to the league at iteration 4570
{"iteration": 4571, "phase": "reinforce", "matches": 1755264, "train_win_rate": 0.5156, "decisions": 9414, "entropy": 1.2955, "league": 6, "minutes": 7.46}
{"iteration": 4572, "phase": "reinforce", "matches": 1755648, "train_win_rate": 0.5182, "decisions": 9428, "entropy": 1.2917, "league": 6, "minutes": 7.48}
{"iteration": 4573, "phase": "reinforce", "matches": 1756032, "train_win_rate": 0.5078, "decisions": 9582, "entropy": 1.2986, "league": 6, "minutes": 7.5}
{"iteration": 4574, "phase": "reinforce", "matches": 1756416, "train_win_rate": 0.5156, "decisions": 9548, "entropy": 1.2908, "league": 6, "minutes": 7.52}
{"iteration": 4575, "phase": "reinforce", "matches": 1756800, "train_win_rate": 0.5156, "decisions": 9436, "entropy": 1.28, "league": 6, "minutes": 7.55}
{"iteration": 4576, "phase": "reinforce", "matches": 1757184, "train_win_rate": 0.5443, "decisions": 9696, "entropy": 1.2746, "league": 6, "minutes": 7.57}
{"iteration": 4577, "phase": "reinforce", "matches": 1757568, "train_win_rate": 0.5052, "decisions": 9790, "entropy": 1.3068, "league": 6, "minutes": 7.59}
{"iteration": 4578, "phase": "reinforce", "matches": 1757952, "train_win_rate": 0.5234, "decisions": 9599, "entropy": 1.2765, "league": 6, "minutes": 7.61}
{"iteration": 4579, "phase": "reinforce", "matches": 1758336, "train_win_rate": 0.5208, "decisions": 9266, "entropy": 1.2858, "league": 6, "minutes": 7.63}
{"iteration": 4580, "phase": "reinforce", "matches": 1758720, "train_win_rate": 0.5312, "decisions": 9513, "entropy": 1.2822, "league": 6, "minutes": 7.66}
{"iteration": 4581, "phase": "reinforce", "matches": 1759104, "train_win_rate": 0.5599, "decisions": 9607, "entropy": 1.2702, "league": 6, "minutes": 7.68}
{"iteration": 4582, "phase": "reinforce", "matches": 1759488, "train_win_rate": 0.5104, "decisions": 9776, "entropy": 1.3076, "league": 6, "minutes": 7.7}
{"iteration": 4583, "phase": "reinforce", "matches": 1759872, "train_win_rate": 0.4948, "decisions": 9162, "entropy": 1.2935, "league": 6, "minutes": 7.72}
{"iteration": 4584, "phase": "reinforce", "matches": 1760256, "train_win_rate": 0.5547, "decisions": 9672, "entropy": 1.2872, "league": 6, "minutes": 7.74}
{"iteration": 4585, "phase": "reinforce", "matches": 1760640, "train_win_rate": 0.5026, "decisions": 9742, "entropy": 1.3105, "league": 6, "minutes": 7.76}
{"iteration": 4586, "phase": "reinforce", "matches": 1761024, "train_win_rate": 0.5599, "decisions": 9490, "entropy": 1.2833, "league": 6, "minutes": 7.79}
{"iteration": 4587, "phase": "reinforce", "matches": 1761408, "train_win_rate": 0.5573, "decisions": 9607, "entropy": 1.2811, "league": 6, "minutes": 7.81}
{"iteration": 4588, "phase": "reinforce", "matches": 1761792, "train_win_rate": 0.5573, "decisions": 9543, "entropy": 1.2809, "league": 6, "minutes": 7.83}
{"iteration": 4589, "phase": "reinforce", "matches": 1762176, "train_win_rate": 0.5651, "decisions": 10124, "entropy": 1.3127, "league": 6, "minutes": 7.85}
{"iteration": 4590, "phase": "reinforce", "matches": 1762560, "train_win_rate": 0.4922, "decisions": 9440, "entropy": 1.2956, "league": 6, "minutes": 7.88}
{"iteration": 4591, "phase": "reinforce", "matches": 1762944, "train_win_rate": 0.5417, "decisions": 9141, "entropy": 1.2801, "league": 6, "minutes": 7.9}
{"iteration": 4592, "phase": "reinforce", "matches": 1763328, "train_win_rate": 0.5234, "decisions": 9350, "entropy": 1.292, "league": 6, "minutes": 7.92}
{"iteration": 4593, "phase": "reinforce", "matches": 1763712, "train_win_rate": 0.5312, "decisions": 10003, "entropy": 1.3128, "league": 6, "minutes": 7.95}
{"iteration": 4594, "phase": "reinforce", "matches": 1764096, "train_win_rate": 0.5469, "decisions": 9877, "entropy": 1.285, "league": 6, "minutes": 7.97}
{"iteration": 4595, "phase": "reinforce", "matches": 1764480, "train_win_rate": 0.513, "decisions": 9607, "entropy": 1.3006, "league": 6, "minutes": 7.99}
{"iteration": 4596, "phase": "reinforce", "matches": 1764864, "train_win_rate": 0.5286, "decisions": 9610, "entropy": 1.2947, "league": 6, "minutes": 8.01}
{"iteration": 4597, "phase": "reinforce", "matches": 1765248, "train_win_rate": 0.5052, "decisions": 9429, "entropy": 1.2923, "league": 6, "minutes": 8.04}
{"iteration": 4598, "phase": "reinforce", "matches": 1765632, "train_win_rate": 0.4818, "decisions": 9601, "entropy": 1.3115, "league": 6, "minutes": 8.06}
{"iteration": 4599, "phase": "reinforce", "matches": 1766016, "train_win_rate": 0.5365, "decisions": 9724, "entropy": 1.3186, "league": 6, "minutes": 8.09}
{"iteration": 4600, "phase": "reinforce", "matches": 1766400, "train_win_rate": 0.5391, "decisions": 9984, "entropy": 1.3095, "league": 6, "minutes": 8.11}
{"iteration": 4600, "eval_mean_edge": 3.044, "by_size": {"2": 0.95, "3": 0.8417, "4": 0.7967, "5": 0.7433, "6": 0.6483}}
{"iteration": 4601, "phase": "reinforce", "matches": 1766784, "train_win_rate": 0.5599, "decisions": 9402, "entropy": 1.291, "league": 6, "minutes": 8.24}
{"iteration": 4602, "phase": "reinforce", "matches": 1767168, "train_win_rate": 0.5547, "decisions": 9810, "entropy": 1.3007, "league": 6, "minutes": 8.26}
{"iteration": 4603, "phase": "reinforce", "matches": 1767552, "train_win_rate": 0.526, "decisions": 9507, "entropy": 1.3201, "league": 6, "minutes": 8.28}
{"iteration": 4604, "phase": "reinforce", "matches": 1767936, "train_win_rate": 0.5286, "decisions": 9549, "entropy": 1.2885, "league": 6, "minutes": 8.31}
{"iteration": 4605, "phase": "reinforce", "matches": 1768320, "train_win_rate": 0.5417, "decisions": 9634, "entropy": 1.301, "league": 6, "minutes": 8.33}
{"iteration": 4606, "phase": "reinforce", "matches": 1768704, "train_win_rate": 0.5312, "decisions": 9941, "entropy": 1.319, "league": 6, "minutes": 8.35}
{"iteration": 4607, "phase": "reinforce", "matches": 1769088, "train_win_rate": 0.5026, "decisions": 9586, "entropy": 1.3041, "league": 6, "minutes": 8.37}
{"iteration": 4608, "phase": "reinforce", "matches": 1769472, "train_win_rate": 0.5469, "decisions": 9506, "entropy": 1.2887, "league": 6, "minutes": 8.39}
{"iteration": 4609, "phase": "reinforce", "matches": 1769856, "train_win_rate": 0.5104, "decisions": 9826, "entropy": 1.3181, "league": 6, "minutes": 8.42}
{"iteration": 4610, "phase": "reinforce", "matches": 1770240, "train_win_rate": 0.5182, "decisions": 9611, "entropy": 1.3146, "league": 6, "minutes": 8.44}
{"iteration": 4611, "phase": "reinforce", "matches": 1770624, "train_win_rate": 0.5443, "decisions": 9754, "entropy": 1.31, "league": 6, "minutes": 8.47}
{"iteration": 4612, "phase": "reinforce", "matches": 1771008, "train_win_rate": 0.5495, "decisions": 9765, "entropy": 1.321, "league": 6, "minutes": 8.49}
{"iteration": 4613, "phase": "reinforce", "matches": 1771392, "train_win_rate": 0.5208, "decisions": 9560, "entropy": 1.3054, "league": 6, "minutes": 8.52}
{"iteration": 4614, "phase": "reinforce", "matches": 1771776, "train_win_rate": 0.4896, "decisions": 9856, "entropy": 1.328, "league": 6, "minutes": 8.54}
{"iteration": 4615, "phase": "reinforce", "matches": 1772160, "train_win_rate": 0.5078, "decisions": 10056, "entropy": 1.3274, "league": 6, "minutes": 8.56}
{"iteration": 4616, "phase": "reinforce", "matches": 1772544, "train_win_rate": 0.5312, "decisions": 9776, "entropy": 1.3012, "league": 6, "minutes": 8.59}
{"iteration": 4617, "phase": "reinforce", "matches": 1772928, "train_win_rate": 0.513, "decisions": 9691, "entropy": 1.32, "league": 6, "minutes": 8.61}
{"iteration": 4618, "phase": "reinforce", "matches": 1773312, "train_win_rate": 0.5078, "decisions": 9568, "entropy": 1.3011, "league": 6, "minutes": 8.63}
{"iteration": 4619, "phase": "reinforce", "matches": 1773696, "train_win_rate": 0.5026, "decisions": 9436, "entropy": 1.2898, "league": 6, "minutes": 8.65}
{"iteration": 4620, "phase": "reinforce", "matches": 1774080, "train_win_rate": 0.5625, "decisions": 9651, "entropy": 1.2914, "league": 6, "minutes": 8.67}
[league] snapshot 6 added to the league at iteration 4620
{"iteration": 4621, "phase": "reinforce", "matches": 1774464, "train_win_rate": 0.5391, "decisions": 9691, "entropy": 1.309, "league": 6, "minutes": 8.7}
{"iteration": 4622, "phase": "reinforce", "matches": 1774848, "train_win_rate": 0.5052, "decisions": 9334, "entropy": 1.2922, "league": 6, "minutes": 8.72}
{"iteration": 4623, "phase": "reinforce", "matches": 1775232, "train_win_rate": 0.5677, "decisions": 9750, "entropy": 1.2827, "league": 6, "minutes": 8.74}
{"iteration": 4624, "phase": "reinforce", "matches": 1775616, "train_win_rate": 0.5417, "decisions": 9812, "entropy": 1.3192, "league": 6, "minutes": 8.77}
{"iteration": 4625, "phase": "reinforce", "matches": 1776000, "train_win_rate": 0.5, "decisions": 9075, "entropy": 1.288, "league": 6, "minutes": 8.79}
{"iteration": 4626, "phase": "reinforce", "matches": 1776384, "train_win_rate": 0.4844, "decisions": 9308, "entropy": 1.2894, "league": 6, "minutes": 8.81}
{"iteration": 4627, "phase": "reinforce", "matches": 1776768, "train_win_rate": 0.5781, "decisions": 9707, "entropy": 1.298, "league": 6, "minutes": 8.84}
{"iteration": 4628, "phase": "reinforce", "matches": 1777152, "train_win_rate": 0.5547, "decisions": 9764, "entropy": 1.3127, "league": 6, "minutes": 8.86}
{"iteration": 4629, "phase": "reinforce", "matches": 1777536, "train_win_rate": 0.5312, "decisions": 9694, "entropy": 1.2968, "league": 6, "minutes": 8.88}
{"iteration": 4630, "phase": "reinforce", "matches": 1777920, "train_win_rate": 0.5625, "decisions": 9922, "entropy": 1.2869, "league": 6, "minutes": 8.91}
{"iteration": 4631, "phase": "reinforce", "matches": 1778304, "train_win_rate": 0.5651, "decisions": 9827, "entropy": 1.2841, "league": 6, "minutes": 8.93}
{"iteration": 4632, "phase": "reinforce", "matches": 1778688, "train_win_rate": 0.4896, "decisions": 9423, "entropy": 1.2857, "league": 6, "minutes": 8.95}
{"iteration": 4633, "phase": "reinforce", "matches": 1779072, "train_win_rate": 0.5156, "decisions": 9289, "entropy": 1.2699, "league": 6, "minutes": 8.97}
{"iteration": 4634, "phase": "reinforce", "matches": 1779456, "train_win_rate": 0.5547, "decisions": 9863, "entropy": 1.2807, "league": 6, "minutes": 8.99}
{"iteration": 4635, "phase": "reinforce", "matches": 1779840, "train_win_rate": 0.5078, "decisions": 9648, "entropy": 1.301, "league": 6, "minutes": 9.01}
{"iteration": 4636, "phase": "reinforce", "matches": 1780224, "train_win_rate": 0.5312, "decisions": 9459, "entropy": 1.2868, "league": 6, "minutes": 9.03}
{"iteration": 4637, "phase": "reinforce", "matches": 1780608, "train_win_rate": 0.5547, "decisions": 10012, "entropy": 1.3083, "league": 6, "minutes": 9.06}
{"iteration": 4638, "phase": "reinforce", "matches": 1780992, "train_win_rate": 0.526, "decisions": 9552, "entropy": 1.2855, "league": 6, "minutes": 9.08}
{"iteration": 4639, "phase": "reinforce", "matches": 1781376, "train_win_rate": 0.5807, "decisions": 10259, "entropy": 1.293, "league": 6, "minutes": 9.1}
{"iteration": 4640, "phase": "reinforce", "matches": 1781760, "train_win_rate": 0.5521, "decisions": 9878, "entropy": 1.2831, "league": 6, "minutes": 9.12}
{"iteration": 4640, "eval_mean_edge": 3.109, "by_size": {"2": 0.9483, "3": 0.87, "4": 0.815, "5": 0.77, "6": 0.655}}
{"iteration": 4641, "phase": "reinforce", "matches": 1782144, "train_win_rate": 0.5234, "decisions": 10136, "entropy": 1.2873, "league": 6, "minutes": 9.26}
{"iteration": 4642, "phase": "reinforce", "matches": 1782528, "train_win_rate": 0.5417, "decisions": 9563, "entropy": 1.2808, "league": 6, "minutes": 9.28}
{"iteration": 4643, "phase": "reinforce", "matches": 1782912, "train_win_rate": 0.5651, "decisions": 9811, "entropy": 1.2786, "league": 6, "minutes": 9.3}
{"iteration": 4644, "phase": "reinforce", "matches": 1783296, "train_win_rate": 0.5521, "decisions": 9956, "entropy": 1.2717, "league": 6, "minutes": 9.32}
{"iteration": 4645, "phase": "reinforce", "matches": 1783680, "train_win_rate": 0.5234, "decisions": 9896, "entropy": 1.2961, "league": 6, "minutes": 9.34}
{"iteration": 4646, "phase": "reinforce", "matches": 1784064, "train_win_rate": 0.5312, "decisions": 9947, "entropy": 1.2853, "league": 6, "minutes": 9.37}
{"iteration": 4647, "phase": "reinforce", "matches": 1784448, "train_win_rate": 0.5547, "decisions": 9981, "entropy": 1.2816, "league": 6, "minutes": 9.39}
{"iteration": 4648, "phase": "reinforce", "matches": 1784832, "train_win_rate": 0.5026, "decisions": 10001, "entropy": 1.3203, "league": 6, "minutes": 9.41}
{"iteration": 4649, "phase": "reinforce", "matches": 1785216, "train_win_rate": 0.526, "decisions": 10164, "entropy": 1.296, "league": 6, "minutes": 9.43}
{"iteration": 4650, "phase": "reinforce", "matches": 1785600, "train_win_rate": 0.5312, "decisions": 9958, "entropy": 1.2845, "league": 6, "minutes": 9.46}
{"iteration": 4651, "phase": "reinforce", "matches": 1785984, "train_win_rate": 0.5573, "decisions": 10323, "entropy": 1.3146, "league": 6, "minutes": 9.48}
{"iteration": 4652, "phase": "reinforce", "matches": 1786368, "train_win_rate": 0.5156, "decisions": 10057, "entropy": 1.298, "league": 6, "minutes": 9.5}
{"iteration": 4653, "phase": "reinforce", "matches": 1786752, "train_win_rate": 0.5391, "decisions": 9940, "entropy": 1.3031, "league": 6, "minutes": 9.52}
{"iteration": 4654, "phase": "reinforce", "matches": 1787136, "train_win_rate": 0.5052, "decisions": 9660, "entropy": 1.2738, "league": 6, "minutes": 9.55}
{"iteration": 4655, "phase": "reinforce", "matches": 1787520, "train_win_rate": 0.5286, "decisions": 9782, "entropy": 1.2914, "league": 6, "minutes": 9.57}
{"iteration": 4656, "phase": "reinforce", "matches": 1787904, "train_win_rate": 0.5521, "decisions": 10048, "entropy": 1.2996, "league": 6, "minutes": 9.59}
{"iteration": 4657, "phase": "reinforce", "matches": 1788288, "train_win_rate": 0.5495, "decisions": 9990, "entropy": 1.281, "league": 6, "minutes": 9.61}
{"iteration": 4658, "phase": "reinforce", "matches": 1788672, "train_win_rate": 0.5495, "decisions": 10076, "entropy": 1.2912, "league": 6, "minutes": 9.63}
{"iteration": 4659, "phase": "reinforce", "matches": 1789056, "train_win_rate": 0.5234, "decisions": 10275, "entropy": 1.3163, "league": 6, "minutes": 9.66}
{"iteration": 4660, "phase": "reinforce", "matches": 1789440, "train_win_rate": 0.5938, "decisions": 9877, "entropy": 1.2791, "league": 6, "minutes": 9.68}
{"iteration": 4661, "phase": "reinforce", "matches": 1789824, "train_win_rate": 0.5182, "decisions": 9849, "entropy": 1.2977, "league": 6, "minutes": 9.7}
{"iteration": 4662, "phase": "reinforce", "matches": 1790208, "train_win_rate": 0.5833, "decisions": 10386, "entropy": 1.2898, "league": 6, "minutes": 9.72}
{"iteration": 4663, "phase": "reinforce", "matches": 1790592, "train_win_rate": 0.5729, "decisions": 9772, "entropy": 1.2757, "league": 6, "minutes": 9.74}
{"iteration": 4664, "phase": "reinforce", "matches": 1790976, "train_win_rate": 0.5234, "decisions": 10063, "entropy": 1.2776, "league": 6, "minutes": 9.77}
{"iteration": 4665, "phase": "reinforce", "matches": 1791360, "train_win_rate": 0.5625, "decisions": 10390, "entropy": 1.2718, "league": 6, "minutes": 9.79}
{"iteration": 4666, "phase": "reinforce", "matches": 1791744, "train_win_rate": 0.5312, "decisions": 9971, "entropy": 1.2842, "league": 6, "minutes": 9.81}
{"iteration": 4667, "phase": "reinforce", "matches": 1792128, "train_win_rate": 0.526, "decisions": 10464, "entropy": 1.319, "league": 6, "minutes": 9.83}
{"iteration": 4668, "phase": "reinforce", "matches": 1792512, "train_win_rate": 0.5312, "decisions": 10225, "entropy": 1.2988, "league": 6, "minutes": 9.86}
{"iteration": 4669, "phase": "reinforce", "matches": 1792896, "train_win_rate": 0.5182, "decisions": 10178, "entropy": 1.2888, "league": 6, "minutes": 9.88}
{"iteration": 4670, "phase": "reinforce", "matches": 1793280, "train_win_rate": 0.526, "decisions": 10211, "entropy": 1.2802, "league": 6, "minutes": 9.9}
[league] snapshot 6 added to the league at iteration 4670
{"iteration": 4671, "phase": "reinforce", "matches": 1793664, "train_win_rate": 0.5052, "decisions": 10043, "entropy": 1.308, "league": 6, "minutes": 9.92}
{"iteration": 4672, "phase": "reinforce", "matches": 1794048, "train_win_rate": 0.5286, "decisions": 9845, "entropy": 1.2891, "league": 6, "minutes": 9.95}
{"iteration": 4673, "phase": "reinforce", "matches": 1794432, "train_win_rate": 0.5833, "decisions": 9991, "entropy": 1.2892, "league": 6, "minutes": 9.97}
{"iteration": 4674, "phase": "reinforce", "matches": 1794816, "train_win_rate": 0.5365, "decisions": 10175, "entropy": 1.3018, "league": 6, "minutes": 9.99}
{"iteration": 4675, "phase": "reinforce", "matches": 1795200, "train_win_rate": 0.5573, "decisions": 9923, "entropy": 1.2941, "league": 6, "minutes": 10.01}
{"iteration": 4676, "phase": "reinforce", "matches": 1795584, "train_win_rate": 0.6172, "decisions": 10258, "entropy": 1.2855, "league": 6, "minutes": 10.03}
{"iteration": 4677, "phase": "reinforce", "matches": 1795968, "train_win_rate": 0.5521, "decisions": 10019, "entropy": 1.2758, "league": 6, "minutes": 10.06}
{"iteration": 4678, "phase": "reinforce", "matches": 1796352, "train_win_rate": 0.5521, "decisions": 10112, "entropy": 1.2999, "league": 6, "minutes": 10.08}
{"iteration": 4679, "phase": "reinforce", "matches": 1796736, "train_win_rate": 0.5443, "decisions": 9973, "entropy": 1.278, "league": 6, "minutes": 10.1}
{"iteration": 4680, "phase": "reinforce", "matches": 1797120, "train_win_rate": 0.5625, "decisions": 10103, "entropy": 1.2688, "league": 6, "minutes": 10.12}
{"iteration": 4680, "eval_mean_edge": 3.06, "by_size": {"2": 0.9433, "3": 0.8517, "4": 0.8117, "5": 0.77, "6": 0.6267}}
{"iteration": 4681, "phase": "reinforce", "matches": 1797504, "train_win_rate": 0.5365, "decisions": 9993, "entropy": 1.2907, "league": 6, "minutes": 10.26}
{"iteration": 4682, "phase": "reinforce", "matches": 1797888, "train_win_rate": 0.5443, "decisions": 9916, "entropy": 1.289, "league": 6, "minutes": 10.28}
{"iteration": 4683, "phase": "reinforce", "matches": 1798272, "train_win_rate": 0.5208, "decisions": 9790, "entropy": 1.2911, "league": 6, "minutes": 10.3}
{"iteration": 4684, "phase": "reinforce", "matches": 1798656, "train_win_rate": 0.5182, "decisions": 9837, "entropy": 1.2868, "league": 6, "minutes": 10.32}
{"iteration": 4685, "phase": "reinforce", "matches": 1799040, "train_win_rate": 0.5208, "decisions": 10010, "entropy": 1.3055, "league": 6, "minutes": 10.35}
{"iteration": 4686, "phase": "reinforce", "matches": 1799424, "train_win_rate": 0.5651, "decisions": 9542, "entropy": 1.2884, "league": 6, "minutes": 10.37}
{"iteration": 4687, "phase": "reinforce", "matches": 1799808, "train_win_rate": 0.5469, "decisions": 9861, "entropy": 1.2883, "league": 6, "minutes": 10.39}
{"iteration": 4688, "phase": "reinforce", "matches": 1800192, "train_win_rate": 0.5677, "decisions": 9692, "entropy": 1.2745, "league": 6, "minutes": 10.41}
{"iteration": 4689, "phase": "reinforce", "matches": 1800576, "train_win_rate": 0.5312, "decisions": 9961, "entropy": 1.2834, "league": 6, "minutes": 10.43}
{"iteration": 4690, "phase": "reinforce", "matches": 1800960, "train_win_rate": 0.5391, "decisions": 9880, "entropy": 1.309, "league": 6, "minutes": 10.45}
{"iteration": 4691, "phase": "reinforce", "matches": 1801344, "train_win_rate": 0.5703, "decisions": 10004, "entropy": 1.2903, "league": 6, "minutes": 10.48}
{"iteration": 4692, "phase": "reinforce", "matches": 1801728, "train_win_rate": 0.5286, "decisions": 10205, "entropy": 1.3022, "league": 6, "minutes": 10.5}
{"iteration": 4693, "phase": "reinforce", "matches": 1802112, "train_win_rate": 0.5417, "decisions": 9891, "entropy": 1.2854, "league": 6, "minutes": 10.52}
{"iteration": 4694, "phase": "reinforce", "matches": 1802496, "train_win_rate": 0.5365, "decisions": 9682, "entropy": 1.288, "league": 6, "minutes": 10.54}
{"iteration": 4695, "phase": "reinforce", "matches": 1802880, "train_win_rate": 0.5156, "decisions": 9777, "entropy": 1.2975, "league": 6, "minutes": 10.56}
{"iteration": 4696, "phase": "reinforce", "matches": 1803264, "train_win_rate": 0.5417, "decisions": 9865, "entropy": 1.3042, "league": 6, "minutes": 10.59}
{"iteration": 4697, "phase": "reinforce", "matches": 1803648, "train_win_rate": 0.5521, "decisions": 10044, "entropy": 1.3084, "league": 6, "minutes": 10.61}
{"iteration": 4698, "phase": "reinforce", "matches": 1804032, "train_win_rate": 0.5547, "decisions": 9962, "entropy": 1.3151, "league": 6, "minutes": 10.63}
{"iteration": 4699, "phase": "reinforce", "matches": 1804416, "train_win_rate": 0.5729, "decisions": 10350, "entropy": 1.3102, "league": 6, "minutes": 10.65}
{"iteration": 4700, "phase": "reinforce", "matches": 1804800, "train_win_rate": 0.5339, "decisions": 10271, "entropy": 1.2859, "league": 6, "minutes": 10.68}
{"iteration": 4701, "phase": "reinforce", "matches": 1805184, "train_win_rate": 0.5964, "decisions": 10178, "entropy": 1.3133, "league": 6, "minutes": 10.7}
{"iteration": 4702, "phase": "reinforce", "matches": 1805568, "train_win_rate": 0.5391, "decisions": 10168, "entropy": 1.2843, "league": 6, "minutes": 10.72}
{"iteration": 4703, "phase": "reinforce", "matches": 1805952, "train_win_rate": 0.5182, "decisions": 10210, "entropy": 1.3078, "league": 6, "minutes": 10.74}
{"iteration": 4704, "phase": "reinforce", "matches": 1806336, "train_win_rate": 0.513, "decisions": 9654, "entropy": 1.2972, "league": 6, "minutes": 10.77}
{"iteration": 4705, "phase": "reinforce", "matches": 1806720, "train_win_rate": 0.5599, "decisions": 10224, "entropy": 1.2905, "league": 6, "minutes": 10.79}
{"iteration": 4706, "phase": "reinforce", "matches": 1807104, "train_win_rate": 0.5339, "decisions": 9724, "entropy": 1.2942, "league": 6, "minutes": 10.81}
{"iteration": 4707, "phase": "reinforce", "matches": 1807488, "train_win_rate": 0.4948, "decisions": 9899, "entropy": 1.304, "league": 6, "minutes": 10.83}
{"iteration": 4708, "phase": "reinforce", "matches": 1807872, "train_win_rate": 0.5156, "decisions": 9647, "entropy": 1.2868, "league": 6, "minutes": 10.85}
{"iteration": 4709, "phase": "reinforce", "matches": 1808256, "train_win_rate": 0.5182, "decisions": 9861, "entropy": 1.3046, "league": 6, "minutes": 10.87}
{"iteration": 4710, "phase": "reinforce", "matches": 1808640, "train_win_rate": 0.5625, "decisions": 10462, "entropy": 1.3173, "league": 6, "minutes": 10.9}
{"iteration": 4711, "phase": "reinforce", "matches": 1809024, "train_win_rate": 0.5521, "decisions": 9974, "entropy": 1.2847, "league": 6, "minutes": 10.92}
{"iteration": 4712, "phase": "reinforce", "matches": 1809408, "train_win_rate": 0.526, "decisions": 9924, "entropy": 1.2999, "league": 6, "minutes": 10.94}
{"iteration": 4713, "phase": "reinforce", "matches": 1809792, "train_win_rate": 0.4922, "decisions": 10019, "entropy": 1.3161, "league": 6, "minutes": 10.96}
{"iteration": 4714, "phase": "reinforce", "matches": 1810176, "train_win_rate": 0.5755, "decisions": 9776, "entropy": 1.2657, "league": 6, "minutes": 10.99}
{"iteration": 4715, "phase": "reinforce", "matches": 1810560, "train_win_rate": 0.5495, "decisions": 9868, "entropy": 1.2968, "league": 6, "minutes": 11.01}
{"iteration": 4716, "phase": "reinforce", "matches": 1810944, "train_win_rate": 0.5755, "decisions": 9674, "entropy": 1.2731, "league": 6, "minutes": 11.03}
{"iteration": 4717, "phase": "reinforce", "matches": 1811328, "train_win_rate": 0.4688, "decisions": 9770, "entropy": 1.2975, "league": 6, "minutes": 11.05}
{"iteration": 4718, "phase": "reinforce", "matches": 1811712, "train_win_rate": 0.5052, "decisions": 9993, "entropy": 1.2915, "league": 6, "minutes": 11.07}
{"iteration": 4719, "phase": "reinforce", "matches": 1812096, "train_win_rate": 0.5156, "decisions": 9868, "entropy": 1.3192, "league": 6, "minutes": 11.1}
{"iteration": 4720, "phase": "reinforce", "matches": 1812480, "train_win_rate": 0.4974, "decisions": 9956, "entropy": 1.2938, "league": 6, "minutes": 11.12}
[league] snapshot 6 added to the league at iteration 4720
{"iteration": 4720, "eval_mean_edge": 3.076, "by_size": {"2": 0.9433, "3": 0.8517, "4": 0.8083, "5": 0.745, "6": 0.6633}}
{"iteration": 4721, "phase": "reinforce", "matches": 1812864, "train_win_rate": 0.5495, "decisions": 9956, "entropy": 1.2783, "league": 6, "minutes": 11.25}
{"iteration": 4722, "phase": "reinforce", "matches": 1813248, "train_win_rate": 0.5417, "decisions": 9656, "entropy": 1.2744, "league": 6, "minutes": 11.27}
{"iteration": 4723, "phase": "reinforce", "matches": 1813632, "train_win_rate": 0.5078, "decisions": 9792, "entropy": 1.3078, "league": 6, "minutes": 11.29}
{"iteration": 4724, "phase": "reinforce", "matches": 1814016, "train_win_rate": 0.526, "decisions": 9699, "entropy": 1.2858, "league": 6, "minutes": 11.32}
{"iteration": 4725, "phase": "reinforce", "matches": 1814400, "train_win_rate": 0.5469, "decisions": 9886, "entropy": 1.3016, "league": 6, "minutes": 11.34}
{"iteration": 4726, "phase": "reinforce", "matches": 1814784, "train_win_rate": 0.5156, "decisions": 9595, "entropy": 1.2579, "league": 6, "minutes": 11.36}
{"iteration": 4727, "phase": "reinforce", "matches": 1815168, "train_win_rate": 0.513, "decisions": 10081, "entropy": 1.3113, "league": 6, "minutes": 11.38}
{"iteration": 4728, "phase": "reinforce", "matches": 1815552, "train_win_rate": 0.5469, "decisions": 9885, "entropy": 1.2911, "league": 6, "minutes": 11.41}
{"iteration": 4729, "phase": "reinforce", "matches": 1815936, "train_win_rate": 0.5391, "decisions": 9842, "entropy": 1.2918, "league": 6, "minutes": 11.43}
{"iteration": 4730, "phase": "reinforce", "matches": 1816320, "train_win_rate": 0.5365, "decisions": 9897, "entropy": 1.2633, "league": 6, "minutes": 11.45}
{"iteration": 4731, "phase": "reinforce", "matches": 1816704, "train_win_rate": 0.526, "decisions": 9703, "entropy": 1.2937, "league": 6, "minutes": 11.47}
{"iteration": 4732, "phase": "reinforce", "matches": 1817088, "train_win_rate": 0.5651, "decisions": 9885, "entropy": 1.2808, "league": 6, "minutes": 11.49}
{"iteration": 4733, "phase": "reinforce", "matches": 1817472, "train_win_rate": 0.5208, "decisions": 9766, "entropy": 1.279, "league": 6, "minutes": 11.52}
{"iteration": 4734, "phase": "reinforce", "matches": 1817856, "train_win_rate": 0.5573, "decisions": 9783, "entropy": 1.2727, "league": 6, "minutes": 11.54}
{"iteration": 4735, "phase": "reinforce", "matches": 1818240, "train_win_rate": 0.5885, "decisions": 9913, "entropy": 1.2618, "league": 6, "minutes": 11.56}
{"iteration": 4736, "phase": "reinforce", "matches": 1818624, "train_win_rate": 0.5365, "decisions": 9811, "entropy": 1.269, "league": 6, "minutes": 11.58}
{"iteration": 4737, "phase": "reinforce", "matches": 1819008, "train_win_rate": 0.5391, "decisions": 10146, "entropy": 1.2855, "league": 6, "minutes": 11.6}
{"iteration": 4738, "phase": "reinforce", "matches": 1819392, "train_win_rate": 0.5339, "decisions": 10018, "entropy": 1.2834, "league": 6, "minutes": 11.63}
{"iteration": 4739, "phase": "reinforce", "matches": 1819776, "train_win_rate": 0.526, "decisions": 9625, "entropy": 1.245, "league": 6, "minutes": 11.65}
{"iteration": 4740, "phase": "reinforce", "matches": 1820160, "train_win_rate": 0.5521, "decisions": 9960, "entropy": 1.2714, "league": 6, "minutes": 11.67}
{"iteration": 4741, "phase": "reinforce", "matches": 1820544, "train_win_rate": 0.5677, "decisions": 9877, "entropy": 1.2534, "league": 6, "minutes": 11.69}
{"iteration": 4742, "phase": "reinforce", "matches": 1820928, "train_win_rate": 0.5234, "decisions": 9642, "entropy": 1.2461, "league": 6, "minutes": 11.71}
{"iteration": 4743, "phase": "reinforce", "matches": 1821312, "train_win_rate": 0.5677, "decisions": 9499, "entropy": 1.2351, "league": 6, "minutes": 11.74}
{"iteration": 4744, "phase": "reinforce", "matches": 1821696, "train_win_rate": 0.6094, "decisions": 9822, "entropy": 1.2429, "league": 6, "minutes": 11.76}
{"iteration": 4745, "phase": "reinforce", "matches": 1822080, "train_win_rate": 0.4974, "decisions": 9673, "entropy": 1.2527, "league": 6, "minutes": 11.78}
{"iteration": 4746, "phase": "reinforce", "matches": 1822464, "train_win_rate": 0.5365, "decisions": 9788, "entropy": 1.2598, "league": 6, "minutes": 11.8}
{"iteration": 4747, "phase": "reinforce", "matches": 1822848, "train_win_rate": 0.5339, "decisions": 9781, "entropy": 1.2412, "league": 6, "minutes": 11.82}
{"iteration": 4748, "phase": "reinforce", "matches": 1823232, "train_win_rate": 0.5599, "decisions": 9659, "entropy": 1.2424, "league": 6, "minutes": 11.84}
{"iteration": 4749, "phase": "reinforce", "matches": 1823616, "train_win_rate": 0.5443, "decisions": 9576, "entropy": 1.2524, "league": 6, "minutes": 11.86}
{"iteration": 4750, "phase": "reinforce", "matches": 1824000, "train_win_rate": 0.5234, "decisions": 9799, "entropy": 1.2775, "league": 6, "minutes": 11.89}
{"iteration": 4751, "phase": "reinforce", "matches": 1824384, "train_win_rate": 0.5443, "decisions": 9576, "entropy": 1.2544, "league": 6, "minutes": 11.91}
{"iteration": 4752, "phase": "reinforce", "matches": 1824768, "train_win_rate": 0.5312, "decisions": 9433, "entropy": 1.2431, "league": 6, "minutes": 11.93}
{"iteration": 4753, "phase": "reinforce", "matches": 1825152, "train_win_rate": 0.526, "decisions": 9442, "entropy": 1.2684, "league": 6, "minutes": 11.95}
{"iteration": 4754, "phase": "reinforce", "matches": 1825536, "train_win_rate": 0.5625, "decisions": 9497, "entropy": 1.2427, "league": 6, "minutes": 11.97}
{"iteration": 4755, "phase": "reinforce", "matches": 1825920, "train_win_rate": 0.5703, "decisions": 9736, "entropy": 1.2589, "league": 6, "minutes": 11.99}
{"iteration": 4756, "phase": "reinforce", "matches": 1826304, "train_win_rate": 0.5208, "decisions": 9637, "entropy": 1.2467, "league": 6, "minutes": 12.02}
{"iteration": 4757, "phase": "reinforce", "matches": 1826688, "train_win_rate": 0.5417, "decisions": 9819, "entropy": 1.2841, "league": 6, "minutes": 12.04}
{"iteration": 4758, "phase": "reinforce", "matches": 1827072, "train_win_rate": 0.5417, "decisions": 9817, "entropy": 1.2715, "league": 6, "minutes": 12.06}
{"iteration": 4759, "phase": "reinforce", "matches": 1827456, "train_win_rate": 0.5443, "decisions": 9591, "entropy": 1.2678, "league": 6, "minutes": 12.08}
{"iteration": 4760, "phase": "reinforce", "matches": 1827840, "train_win_rate": 0.4844, "decisions": 9698, "entropy": 1.2701, "league": 6, "minutes": 12.11}
{"iteration": 4760, "eval_mean_edge": 3.078, "by_size": {"2": 0.9383, "3": 0.8383, "4": 0.795, "5": 0.77, "6": 0.6617}}
{"iteration": 4761, "phase": "reinforce", "matches": 1828224, "train_win_rate": 0.5339, "decisions": 9548, "entropy": 1.2589, "league": 6, "minutes": 12.25}
{"iteration": 4762, "phase": "reinforce", "matches": 1828608, "train_win_rate": 0.5391, "decisions": 10060, "entropy": 1.2841, "league": 6, "minutes": 12.27}
{"iteration": 4763, "phase": "reinforce", "matches": 1828992, "train_win_rate": 0.5365, "decisions": 9329, "entropy": 1.2387, "league": 6, "minutes": 12.29}
{"iteration": 4764, "phase": "reinforce", "matches": 1829376, "train_win_rate": 0.5, "decisions": 9895, "entropy": 1.2798, "league": 6, "minutes": 12.32}
{"iteration": 4765, "phase": "reinforce", "matches": 1829760, "train_win_rate": 0.5182, "decisions": 9360, "entropy": 1.2694, "league": 6, "minutes": 12.34}
{"iteration": 4766, "phase": "reinforce", "matches": 1830144, "train_win_rate": 0.5521, "decisions": 9519, "entropy": 1.2566, "league": 6, "minutes": 12.37}
{"iteration": 4767, "phase": "reinforce", "matches": 1830528, "train_win_rate": 0.526, "decisions": 9596, "entropy": 1.2551, "league": 6, "minutes": 12.39}
{"iteration": 4768, "phase": "reinforce", "matches": 1830912, "train_win_rate": 0.5495, "decisions": 9306, "entropy": 1.2631, "league": 6, "minutes": 12.42}
{"iteration": 4769, "phase": "reinforce", "matches": 1831296, "train_win_rate": 0.5729, "decisions": 9592, "entropy": 1.2718, "league": 6, "minutes": 12.44}
{"iteration": 4770, "phase": "reinforce", "matches": 1831680, "train_win_rate": 0.5521, "decisions": 9466, "entropy": 1.2442, "league": 6, "minutes": 12.47}
[league] snapshot 6 added to the league at iteration 4770
{"iteration": 4771, "phase": "reinforce", "matches": 1832064, "train_win_rate": 0.5234, "decisions": 9581, "entropy": 1.2532, "league": 6, "minutes": 12.49}
{"iteration": 4772, "phase": "reinforce", "matches": 1832448, "train_win_rate": 0.5286, "decisions": 9775, "entropy": 1.2573, "league": 6, "minutes": 12.51}
{"iteration": 4773, "phase": "reinforce", "matches": 1832832, "train_win_rate": 0.5625, "decisions": 9964, "entropy": 1.2813, "league": 6, "minutes": 12.54}
{"iteration": 4774, "phase": "reinforce", "matches": 1833216, "train_win_rate": 0.5703, "decisions": 9756, "entropy": 1.299, "league": 6, "minutes": 12.56}
{"iteration": 4775, "phase": "reinforce", "matches": 1833600, "train_win_rate": 0.5312, "decisions": 9849, "entropy": 1.2717, "league": 6, "minutes": 12.59}
{"iteration": 4776, "phase": "reinforce", "matches": 1833984, "train_win_rate": 0.5495, "decisions": 9742, "entropy": 1.2735, "league": 6, "minutes": 12.61}
{"iteration": 4777, "phase": "reinforce", "matches": 1834368, "train_win_rate": 0.5104, "decisions": 9784, "entropy": 1.2835, "league": 6, "minutes": 12.63}
{"iteration": 4778, "phase": "reinforce", "matches": 1834752, "train_win_rate": 0.5443, "decisions": 10136, "entropy": 1.2935, "league": 6, "minutes": 12.66}
{"iteration": 4779, "phase": "reinforce", "matches": 1835136, "train_win_rate": 0.5573, "decisions": 9621, "entropy": 1.2504, "league": 6, "minutes": 12.69}
{"iteration": 4780, "phase": "reinforce", "matches": 1835520, "train_win_rate": 0.5833, "decisions": 9734, "entropy": 1.2675, "league": 6, "minutes": 12.71}
{"iteration": 4781, "phase": "reinforce", "matches": 1835904, "train_win_rate": 0.5729, "decisions": 9898, "entropy": 1.276, "league": 6, "minutes": 12.73}
{"iteration": 4782, "phase": "reinforce", "matches": 1836288, "train_win_rate": 0.5312, "decisions": 9704, "entropy": 1.2723, "league": 6, "minutes": 12.76}
{"iteration": 4783, "phase": "reinforce", "matches": 1836672, "train_win_rate": 0.5833, "decisions": 10377, "entropy": 1.2704, "league": 6, "minutes": 12.78}
{"iteration": 4784, "phase": "reinforce", "matches": 1837056, "train_win_rate": 0.5391, "decisions": 9720, "entropy": 1.2683, "league": 6, "minutes": 12.81}
{"iteration": 4785, "phase": "reinforce", "matches": 1837440, "train_win_rate": 0.5365, "decisions": 9450, "entropy": 1.2527, "league": 6, "minutes": 12.83}
{"iteration": 4786, "phase": "reinforce", "matches": 1837824, "train_win_rate": 0.5417, "decisions": 9957, "entropy": 1.2788, "league": 6, "minutes": 12.85}
{"iteration": 4787, "phase": "reinforce", "matches": 1838208, "train_win_rate": 0.5417, "decisions": 9976, "entropy": 1.2717, "league": 6, "minutes": 12.88}
{"iteration": 4788, "phase": "reinforce", "matches": 1838592, "train_win_rate": 0.5365, "decisions": 9964, "entropy": 1.2672, "league": 6, "minutes": 12.9}
{"iteration": 4789, "phase": "reinforce", "matches": 1838976, "train_win_rate": 0.5625, "decisions": 9926, "entropy": 1.2559, "league": 6, "minutes": 12.92}
{"iteration": 4790, "phase": "reinforce", "matches": 1839360, "train_win_rate": 0.5339, "decisions": 9656, "entropy": 1.2807, "league": 6, "minutes": 12.95}
{"iteration": 4791, "phase": "reinforce", "matches": 1839744, "train_win_rate": 0.5469, "decisions": 9756, "entropy": 1.2647, "league": 6, "minutes": 12.97}
{"iteration": 4792, "phase": "reinforce", "matches": 1840128, "train_win_rate": 0.5286, "decisions": 10210, "entropy": 1.2905, "league": 6, "minutes": 13.0}
{"iteration": 4793, "phase": "reinforce", "matches": 1840512, "train_win_rate": 0.5755, "decisions": 9897, "entropy": 1.2557, "league": 6, "minutes": 13.02}
{"iteration": 4794, "phase": "reinforce", "matches": 1840896, "train_win_rate": 0.5, "decisions": 9652, "entropy": 1.2698, "league": 6, "minutes": 13.04}
{"iteration": 4795, "phase": "reinforce", "matches": 1841280, "train_win_rate": 0.5339, "decisions": 10161, "entropy": 1.2834, "league": 6, "minutes": 13.07}
{"iteration": 4796, "phase": "reinforce", "matches": 1841664, "train_win_rate": 0.5286, "decisions": 9642, "entropy": 1.2419, "league": 6, "minutes": 13.09}
{"iteration": 4797, "phase": "reinforce", "matches": 1842048, "train_win_rate": 0.5469, "decisions": 10005, "entropy": 1.2562, "league": 6, "minutes": 13.11}
{"iteration": 4798, "phase": "reinforce", "matches": 1842432, "train_win_rate": 0.5156, "decisions": 9714, "entropy": 1.2643, "league": 6, "minutes": 13.13}
{"iteration": 4799, "phase": "reinforce", "matches": 1842816, "train_win_rate": 0.5703, "decisions": 9717, "entropy": 1.2736, "league": 6, "minutes": 13.15}
{"iteration": 4800, "phase": "reinforce", "matches": 1843200, "train_win_rate": 0.5599, "decisions": 9960, "entropy": 1.2775, "league": 6, "minutes": 13.18}
{"iteration": 4800, "eval_mean_edge": 3.053, "by_size": {"2": 0.945, "3": 0.85, "4": 0.815, "5": 0.765, "6": 0.6233}}
{"iteration": 4801, "phase": "reinforce", "matches": 1843584, "train_win_rate": 0.5469, "decisions": 9949, "entropy": 1.2704, "league": 6, "minutes": 13.31}
{"iteration": 4802, "phase": "reinforce", "matches": 1843968, "train_win_rate": 0.4609, "decisions": 9556, "entropy": 1.2551, "league": 6, "minutes": 13.34}
{"iteration": 4803, "phase": "reinforce", "matches": 1844352, "train_win_rate": 0.5625, "decisions": 9720, "entropy": 1.2586, "league": 6, "minutes": 13.36}
{"iteration": 4804, "phase": "reinforce", "matches": 1844736, "train_win_rate": 0.5078, "decisions": 9838, "entropy": 1.2453, "league": 6, "minutes": 13.38}
{"iteration": 4805, "phase": "reinforce", "matches": 1845120, "train_win_rate": 0.5625, "decisions": 9777, "entropy": 1.2524, "league": 6, "minutes": 13.4}
{"iteration": 4806, "phase": "reinforce", "matches": 1845504, "train_win_rate": 0.5234, "decisions": 10218, "entropy": 1.2818, "league": 6, "minutes": 13.43}
{"iteration": 4807, "phase": "reinforce", "matches": 1845888, "train_win_rate": 0.5703, "decisions": 9855, "entropy": 1.2528, "league": 6, "minutes": 13.45}
{"iteration": 4808, "phase": "reinforce", "matches": 1846272, "train_win_rate": 0.5573, "decisions": 9691, "entropy": 1.2529, "league": 6, "minutes": 13.47}
{"iteration": 4809, "phase": "reinforce", "matches": 1846656, "train_win_rate": 0.5573, "decisions": 9886, "entropy": 1.2639, "league": 6, "minutes": 13.49}
{"iteration": 4810, "phase": "reinforce", "matches": 1847040, "train_win_rate": 0.5365, "decisions": 9832, "entropy": 1.2586, "league": 6, "minutes": 13.51}
{"iteration": 4811, "phase": "reinforce", "matches": 1847424, "train_win_rate": 0.5286, "decisions": 9721, "entropy": 1.2535, "league": 6, "minutes": 13.54}
{"iteration": 4812, "phase": "reinforce", "matches": 1847808, "train_win_rate": 0.5651, "decisions": 9812, "entropy": 1.2595, "league": 6, "minutes": 13.56}
{"iteration": 4813, "phase": "reinforce", "matches": 1848192, "train_win_rate": 0.5547, "decisions": 10208, "entropy": 1.3009, "league": 6, "minutes": 13.58}
{"iteration": 4814, "phase": "reinforce", "matches": 1848576, "train_win_rate": 0.5312, "decisions": 9967, "entropy": 1.2862, "league": 6, "minutes": 13.6}
{"iteration": 4815, "phase": "reinforce", "matches": 1848960, "train_win_rate": 0.5026, "decisions": 9710, "entropy": 1.2662, "league": 6, "minutes": 13.63}
{"iteration": 4816, "phase": "reinforce", "matches": 1849344, "train_win_rate": 0.5703, "decisions": 9824, "entropy": 1.2661, "league": 6, "minutes": 13.65}
{"iteration": 4817, "phase": "reinforce", "matches": 1849728, "train_win_rate": 0.526, "decisions": 9558, "entropy": 1.2452, "league": 6, "minutes": 13.67}
{"iteration": 4818, "phase": "reinforce", "matches": 1850112, "train_win_rate": 0.5885, "decisions": 9848, "entropy": 1.2573, "league": 6, "minutes": 13.69}
{"iteration": 4819, "phase": "reinforce", "matches": 1850496, "train_win_rate": 0.526, "decisions": 9752, "entropy": 1.2609, "league": 6, "minutes": 13.71}
{"iteration": 4820, "phase": "reinforce", "matches": 1850880, "train_win_rate": 0.5521, "decisions": 9776, "entropy": 1.2476, "league": 6, "minutes": 13.74}
[league] snapshot 6 added to the league at iteration 4820
{"iteration": 4821, "phase": "reinforce", "matches": 1851264, "train_win_rate": 0.5208, "decisions": 9767, "entropy": 1.2759, "league": 6, "minutes": 13.76}
{"iteration": 4822, "phase": "reinforce", "matches": 1851648, "train_win_rate": 0.5208, "decisions": 9858, "entropy": 1.2851, "league": 6, "minutes": 13.78}
{"iteration": 4823, "phase": "reinforce", "matches": 1852032, "train_win_rate": 0.5677, "decisions": 9774, "entropy": 1.2563, "league": 6, "minutes": 13.8}
{"iteration": 4824, "phase": "reinforce", "matches": 1852416, "train_win_rate": 0.4948, "decisions": 9782, "entropy": 1.2837, "league": 6, "minutes": 13.83}
{"iteration": 4825, "phase": "reinforce", "matches": 1852800, "train_win_rate": 0.5417, "decisions": 10071, "entropy": 1.2824, "league": 6, "minutes": 13.85}
{"iteration": 4826, "phase": "reinforce", "matches": 1853184, "train_win_rate": 0.5495, "decisions": 9875, "entropy": 1.2498, "league": 6, "minutes": 13.87}
{"iteration": 4827, "phase": "reinforce", "matches": 1853568, "train_win_rate": 0.4792, "decisions": 9653, "entropy": 1.2471, "league": 6, "minutes": 13.89}
{"iteration": 4828, "phase": "reinforce", "matches": 1853952, "train_win_rate": 0.5547, "decisions": 10540, "entropy": 1.2956, "league": 6, "minutes": 13.92}
{"iteration": 4829, "phase": "reinforce", "matches": 1854336, "train_win_rate": 0.526, "decisions": 9840, "entropy": 1.2696, "league": 6, "minutes": 13.94}
{"iteration": 4830, "phase": "reinforce", "matches": 1854720, "train_win_rate": 0.5156, "decisions": 9671, "entropy": 1.2607, "league": 6, "minutes": 13.96}
{"iteration": 4831, "phase": "reinforce", "matches": 1855104, "train_win_rate": 0.5547, "decisions": 9923, "entropy": 1.2553, "league": 6, "minutes": 13.98}
{"iteration": 4832, "phase": "reinforce", "matches": 1855488, "train_win_rate": 0.5312, "decisions": 10338, "entropy": 1.2741, "league": 6, "minutes": 14.01}
{"iteration": 4833, "phase": "reinforce", "matches": 1855872, "train_win_rate": 0.5234, "decisions": 9923, "entropy": 1.2494, "league": 6, "minutes": 14.03}
{"iteration": 4834, "phase": "reinforce", "matches": 1856256, "train_win_rate": 0.5365, "decisions": 9938, "entropy": 1.2504, "league": 6, "minutes": 14.05}
{"iteration": 4835, "phase": "reinforce", "matches": 1856640, "train_win_rate": 0.5312, "decisions": 10268, "entropy": 1.2738, "league": 6, "minutes": 14.07}
{"iteration": 4836, "phase": "reinforce", "matches": 1857024, "train_win_rate": 0.526, "decisions": 9657, "entropy": 1.2586, "league": 6, "minutes": 14.09}
{"iteration": 4837, "phase": "reinforce", "matches": 1857408, "train_win_rate": 0.5156, "decisions": 9932, "entropy": 1.2614, "league": 6, "minutes": 14.11}
{"iteration": 4838, "phase": "reinforce", "matches": 1857792, "train_win_rate": 0.5859, "decisions": 9701, "entropy": 1.2379, "league": 6, "minutes": 14.14}
{"iteration": 4839, "phase": "reinforce", "matches": 1858176, "train_win_rate": 0.5443, "decisions": 9588, "entropy": 1.2378, "league": 6, "minutes": 14.16}
{"iteration": 4840, "phase": "reinforce", "matches": 1858560, "train_win_rate": 0.5286, "decisions": 10020, "entropy": 1.2456, "league": 6, "minutes": 14.18}
{"iteration": 4840, "eval_mean_edge": 3.041, "by_size": {"2": 0.945, "3": 0.8633, "4": 0.785, "5": 0.7533, "6": 0.6367}}
{"iteration": 4841, "phase": "reinforce", "matches": 1858944, "train_win_rate": 0.5417, "decisions": 9733, "entropy": 1.2473, "league": 6, "minutes": 14.32}
{"iteration": 4842, "phase": "reinforce", "matches": 1859328, "train_win_rate": 0.5365, "decisions": 9949, "entropy": 1.265, "league": 6, "minutes": 14.34}
{"iteration": 4843, "phase": "reinforce", "matches": 1859712, "train_win_rate": 0.5234, "decisions": 9622, "entropy": 1.2435, "league": 6, "minutes": 14.36}
{"iteration": 4844, "phase": "reinforce", "matches": 1860096, "train_win_rate": 0.5625, "decisions": 9485, "entropy": 1.2446, "league": 6, "minutes": 14.38}
{"iteration": 4845, "phase": "reinforce", "matches": 1860480, "train_win_rate": 0.5964, "decisions": 9623, "entropy": 1.2452, "league": 6, "minutes": 14.4}
{"iteration": 4846, "phase": "reinforce", "matches": 1860864, "train_win_rate": 0.5625, "decisions": 9697, "entropy": 1.2489, "league": 6, "minutes": 14.42}
{"iteration": 4847, "phase": "reinforce", "matches": 1861248, "train_win_rate": 0.5391, "decisions": 9604, "entropy": 1.2497, "league": 6, "minutes": 14.45}
{"iteration": 4848, "phase": "reinforce", "matches": 1861632, "train_win_rate": 0.5339, "decisions": 9426, "entropy": 1.238, "league": 6, "minutes": 14.47}
{"iteration": 4849, "phase": "reinforce", "matches": 1862016, "train_win_rate": 0.5833, "decisions": 9955, "entropy": 1.2439, "league": 6, "minutes": 14.49}
{"iteration": 4850, "phase": "reinforce", "matches": 1862400, "train_win_rate": 0.4688, "decisions": 9568, "entropy": 1.2582, "league": 6, "minutes": 14.51}
{"iteration": 4851, "phase": "reinforce", "matches": 1862784, "train_win_rate": 0.5964, "decisions": 9642, "entropy": 1.2427, "league": 6, "minutes": 14.53}
{"iteration": 4852, "phase": "reinforce", "matches": 1863168, "train_win_rate": 0.5547, "decisions": 10246, "entropy": 1.2609, "league": 6, "minutes": 14.56}
{"iteration": 4853, "phase": "reinforce", "matches": 1863552, "train_win_rate": 0.5547, "decisions": 9491, "entropy": 1.2518, "league": 6, "minutes": 14.58}
{"iteration": 4854, "phase": "reinforce", "matches": 1863936, "train_win_rate": 0.5052, "decisions": 9630, "entropy": 1.2475, "league": 6, "minutes": 14.61}
{"iteration": 4855, "phase": "reinforce", "matches": 1864320, "train_win_rate": 0.526, "decisions": 9850, "entropy": 1.2457, "league": 6, "minutes": 14.63}
{"iteration": 4856, "phase": "reinforce", "matches": 1864704, "train_win_rate": 0.5755, "decisions": 9802, "entropy": 1.2335, "league": 6, "minutes": 14.66}
{"iteration": 4857, "phase": "reinforce", "matches": 1865088, "train_win_rate": 0.5104, "decisions": 9427, "entropy": 1.2384, "league": 6, "minutes": 14.69}
{"iteration": 4858, "phase": "reinforce", "matches": 1865472, "train_win_rate": 0.5312, "decisions": 9831, "entropy": 1.2352, "league": 6, "minutes": 14.71}
{"iteration": 4859, "phase": "reinforce", "matches": 1865856, "train_win_rate": 0.5521, "decisions": 9881, "entropy": 1.2557, "league": 6, "minutes": 14.74}
{"iteration": 4860, "phase": "reinforce", "matches": 1866240, "train_win_rate": 0.4922, "decisions": 9787, "entropy": 1.2645, "league": 6, "minutes": 14.77}
{"iteration": 4861, "phase": "reinforce", "matches": 1866624, "train_win_rate": 0.5599, "decisions": 9515, "entropy": 1.241, "league": 6, "minutes": 14.79}
{"iteration": 4862, "phase": "reinforce", "matches": 1867008, "train_win_rate": 0.5833, "decisions": 9603, "entropy": 1.2154, "league": 6, "minutes": 14.82}
{"iteration": 4863, "phase": "reinforce", "matches": 1867392, "train_win_rate": 0.5208, "decisions": 9509, "entropy": 1.2343, "league": 6, "minutes": 14.84}
{"iteration": 4864, "phase": "reinforce", "matches": 1867776, "train_win_rate": 0.5703, "decisions": 9792, "entropy": 1.2222, "league": 6, "minutes": 14.87}
{"iteration": 4865, "phase": "reinforce", "matches": 1868160, "train_win_rate": 0.5521, "decisions": 9520, "entropy": 1.2522, "league": 6, "minutes": 14.9}
{"iteration": 4866, "phase": "reinforce", "matches": 1868544, "train_win_rate": 0.526, "decisions": 9538, "entropy": 1.2414, "league": 6, "minutes": 14.92}
{"iteration": 4867, "phase": "reinforce", "matches": 1868928, "train_win_rate": 0.5469, "decisions": 9719, "entropy": 1.2431, "league": 6, "minutes": 14.95}
{"iteration": 4868, "phase": "reinforce", "matches": 1869312, "train_win_rate": 0.5312, "decisions": 9578, "entropy": 1.2452, "league": 6, "minutes": 14.98}
{"iteration": 4869, "phase": "reinforce", "matches": 1869696, "train_win_rate": 0.5469, "decisions": 9942, "entropy": 1.24, "league": 6, "minutes": 15.0}
{"iteration": 4870, "phase": "reinforce", "matches": 1870080, "train_win_rate": 0.5573, "decisions": 9585, "entropy": 1.2275, "league": 6, "minutes": 15.03}
[league] snapshot 6 added to the league at iteration 4870
{"iteration": 4871, "phase": "reinforce", "matches": 1870464, "train_win_rate": 0.5182, "decisions": 9432, "entropy": 1.2536, "league": 6, "minutes": 15.05}
{"iteration": 4872, "phase": "reinforce", "matches": 1870848, "train_win_rate": 0.5182, "decisions": 9592, "entropy": 1.2398, "league": 6, "minutes": 15.08}
{"iteration": 4873, "phase": "reinforce", "matches": 1871232, "train_win_rate": 0.5365, "decisions": 9493, "entropy": 1.2284, "league": 6, "minutes": 15.1}
{"iteration": 4874, "phase": "reinforce", "matches": 1871616, "train_win_rate": 0.526, "decisions": 9540, "entropy": 1.2563, "league": 6, "minutes": 15.12}
{"iteration": 4875, "phase": "reinforce", "matches": 1872000, "train_win_rate": 0.5234, "decisions": 9684, "entropy": 1.2282, "league": 6, "minutes": 15.15}
{"iteration": 4876, "phase": "reinforce", "matches": 1872384, "train_win_rate": 0.5964, "decisions": 9719, "entropy": 1.2269, "league": 6, "minutes": 15.17}
{"iteration": 4877, "phase": "reinforce", "matches": 1872768, "train_win_rate": 0.5573, "decisions": 9833, "entropy": 1.2536, "league": 6, "minutes": 15.2}
{"iteration": 4878, "phase": "reinforce", "matches": 1873152, "train_win_rate": 0.5417, "decisions": 9412, "entropy": 1.2285, "league": 6, "minutes": 15.22}
{"iteration": 4879, "phase": "reinforce", "matches": 1873536, "train_win_rate": 0.5651, "decisions": 9707, "entropy": 1.2438, "league": 6, "minutes": 15.24}
{"iteration": 4880, "phase": "reinforce", "matches": 1873920, "train_win_rate": 0.5807, "decisions": 9794, "entropy": 1.2407, "league": 6, "minutes": 15.27}
{"iteration": 4880, "eval_mean_edge": 3.061, "by_size": {"2": 0.9517, "3": 0.8583, "4": 0.7967, "5": 0.7517, "6": 0.6467}}
{"iteration": 4881, "phase": "reinforce", "matches": 1874304, "train_win_rate": 0.5182, "decisions": 9562, "entropy": 1.251, "league": 6, "minutes": 15.41}
{"iteration": 4882, "phase": "reinforce", "matches": 1874688, "train_win_rate": 0.5312, "decisions": 9533, "entropy": 1.244, "league": 6, "minutes": 15.44}
{"iteration": 4883, "phase": "reinforce", "matches": 1875072, "train_win_rate": 0.5781, "decisions": 9646, "entropy": 1.2524, "league": 6, "minutes": 15.46}
{"iteration": 4884, "phase": "reinforce", "matches": 1875456, "train_win_rate": 0.5182, "decisions": 10052, "entropy": 1.2894, "league": 6, "minutes": 15.49}
{"iteration": 4885, "phase": "reinforce", "matches": 1875840, "train_win_rate": 0.5625, "decisions": 9141, "entropy": 1.2443, "league": 6, "minutes": 15.51}
{"iteration": 4886, "phase": "reinforce", "matches": 1876224, "train_win_rate": 0.5339, "decisions": 9661, "entropy": 1.2543, "league": 6, "minutes": 15.54}
{"iteration": 4887, "phase": "reinforce", "matches": 1876608, "train_win_rate": 0.5417, "decisions": 9549, "entropy": 1.2439, "league": 6, "minutes": 15.56}
{"iteration": 4888, "phase": "reinforce", "matches": 1876992, "train_win_rate": 0.5495, "decisions": 9615, "entropy": 1.2638, "league": 6, "minutes": 15.58}
{"iteration": 4889, "phase": "reinforce", "matches": 1877376, "train_win_rate": 0.5234, "decisions": 9673, "entropy": 1.2593, "league": 6, "minutes": 15.61}
{"iteration": 4890, "phase": "reinforce", "matches": 1877760, "train_win_rate": 0.5417, "decisions": 9475, "entropy": 1.2515, "league": 6, "minutes": 15.63}
{"iteration": 4891, "phase": "reinforce", "matches": 1878144, "train_win_rate": 0.5312, "decisions": 9594, "entropy": 1.285, "league": 6, "minutes": 15.66}
{"iteration": 4892, "phase": "reinforce", "matches": 1878528, "train_win_rate": 0.5104, "decisions": 9761, "entropy": 1.2655, "league": 6, "minutes": 15.68}
{"iteration": 4893, "phase": "reinforce", "matches": 1878912, "train_win_rate": 0.5495, "decisions": 9736, "entropy": 1.2658, "league": 6, "minutes": 15.71}
{"iteration": 4894, "phase": "reinforce", "matches": 1879296, "train_win_rate": 0.5729, "decisions": 9486, "entropy": 1.2666, "league": 6, "minutes": 15.73}
{"iteration": 4895, "phase": "reinforce", "matches": 1879680, "train_win_rate": 0.5599, "decisions": 9455, "entropy": 1.2394, "league": 6, "minutes": 15.75}
{"iteration": 4896, "phase": "reinforce", "matches": 1880064, "train_win_rate": 0.5391, "decisions": 9413, "entropy": 1.2528, "league": 6, "minutes": 15.78}
{"iteration": 4897, "phase": "reinforce", "matches": 1880448, "train_win_rate": 0.5807, "decisions": 9583, "entropy": 1.2541, "league": 6, "minutes": 15.81}
{"iteration": 4898, "phase": "reinforce", "matches": 1880832, "train_win_rate": 0.5417, "decisions": 9205, "entropy": 1.2465, "league": 6, "minutes": 15.83}
{"iteration": 4899, "phase": "reinforce", "matches": 1881216, "train_win_rate": 0.5026, "decisions": 9547, "entropy": 1.2643, "league": 6, "minutes": 15.86}
{"iteration": 4900, "phase": "reinforce", "matches": 1881600, "train_win_rate": 0.5052, "decisions": 9515, "entropy": 1.2975, "league": 6, "minutes": 15.88}
{"iteration": 4901, "phase": "reinforce", "matches": 1881984, "train_win_rate": 0.513, "decisions": 9377, "entropy": 1.277, "league": 6, "minutes": 15.9}
{"iteration": 4902, "phase": "reinforce", "matches": 1882368, "train_win_rate": 0.5443, "decisions": 10093, "entropy": 1.2866, "league": 6, "minutes": 15.93}
{"iteration": 4903, "phase": "reinforce", "matches": 1882752, "train_win_rate": 0.4818, "decisions": 9388, "entropy": 1.2799, "league": 6, "minutes": 15.96}
{"iteration": 4904, "phase": "reinforce", "matches": 1883136, "train_win_rate": 0.5911, "decisions": 9467, "entropy": 1.268, "league": 6, "minutes": 15.98}
{"iteration": 4905, "phase": "reinforce", "matches": 1883520, "train_win_rate": 0.513, "decisions": 9724, "entropy": 1.2699, "league": 6, "minutes": 16.0}
{"iteration": 4906, "phase": "reinforce", "matches": 1883904, "train_win_rate": 0.5703, "decisions": 9829, "entropy": 1.261, "league": 6, "minutes": 16.03}
{"iteration": 4907, "phase": "reinforce", "matches": 1884288, "train_win_rate": 0.5365, "decisions": 9677, "entropy": 1.2909, "league": 6, "minutes": 16.05}
{"iteration": 4908, "phase": "reinforce", "matches": 1884672, "train_win_rate": 0.5208, "decisions": 9288, "entropy": 1.2684, "league": 6, "minutes": 16.08}
{"iteration": 4909, "phase": "reinforce", "matches": 1885056, "train_win_rate": 0.5312, "decisions": 9721, "entropy": 1.304, "league": 6, "minutes": 16.1}
{"iteration": 4910, "phase": "reinforce", "matches": 1885440, "train_win_rate": 0.5859, "decisions": 9640, "entropy": 1.2596, "league": 6, "minutes": 16.13}
{"iteration": 4911, "phase": "reinforce", "matches": 1885824, "train_win_rate": 0.5052, "decisions": 9496, "entropy": 1.2837, "league": 6, "minutes": 16.15}
{"iteration": 4912, "phase": "reinforce", "matches": 1886208, "train_win_rate": 0.487, "decisions": 9337, "entropy": 1.2774, "league": 6, "minutes": 16.17}
{"iteration": 4913, "phase": "reinforce", "matches": 1886592, "train_win_rate": 0.5208, "decisions": 9437, "entropy": 1.2791, "league": 6, "minutes": 16.2}
{"iteration": 4914, "phase": "reinforce", "matches": 1886976, "train_win_rate": 0.5495, "decisions": 9606, "entropy": 1.2665, "league": 6, "minutes": 16.22}
{"iteration": 4915, "phase": "reinforce", "matches": 1887360, "train_win_rate": 0.5417, "decisions": 9879, "entropy": 1.2821, "league": 6, "minutes": 16.24}
{"iteration": 4916, "phase": "reinforce", "matches": 1887744, "train_win_rate": 0.5391, "decisions": 9553, "entropy": 1.2722, "league": 6, "minutes": 16.26}
{"iteration": 4917, "phase": "reinforce", "matches": 1888128, "train_win_rate": 0.5495, "decisions": 9810, "entropy": 1.2838, "league": 6, "minutes": 16.29}
{"iteration": 4918, "phase": "reinforce", "matches": 1888512, "train_win_rate": 0.5365, "decisions": 9231, "entropy": 1.2555, "league": 6, "minutes": 16.31}
{"iteration": 4919, "phase": "reinforce", "matches": 1888896, "train_win_rate": 0.5286, "decisions": 9658, "entropy": 1.2812, "league": 6, "minutes": 16.33}
{"iteration": 4920, "phase": "reinforce", "matches": 1889280, "train_win_rate": 0.5495, "decisions": 9688, "entropy": 1.2967, "league": 6, "minutes": 16.36}
[league] snapshot 6 added to the league at iteration 4920
{"iteration": 4920, "eval_mean_edge": 3.071, "by_size": {"2": 0.9417, "3": 0.8583, "4": 0.8067, "5": 0.77, "6": 0.6367}}
{"iteration": 4921, "phase": "reinforce", "matches": 1889664, "train_win_rate": 0.5026, "decisions": 9379, "entropy": 1.3008, "league": 6, "minutes": 16.5}
{"iteration": 4922, "phase": "reinforce", "matches": 1890048, "train_win_rate": 0.5417, "decisions": 9773, "entropy": 1.2807, "league": 6, "minutes": 16.52}
{"iteration": 4923, "phase": "reinforce", "matches": 1890432, "train_win_rate": 0.5469, "decisions": 9588, "entropy": 1.2746, "league": 6, "minutes": 16.54}
{"iteration": 4924, "phase": "reinforce", "matches": 1890816, "train_win_rate": 0.5755, "decisions": 9621, "entropy": 1.2694, "league": 6, "minutes": 16.57}
{"iteration": 4925, "phase": "reinforce", "matches": 1891200, "train_win_rate": 0.5026, "decisions": 9432, "entropy": 1.2972, "league": 6, "minutes": 16.59}
{"iteration": 4926, "phase": "reinforce", "matches": 1891584, "train_win_rate": 0.5234, "decisions": 9613, "entropy": 1.2791, "league": 6, "minutes": 16.61}
{"iteration": 4927, "phase": "reinforce", "matches": 1891968, "train_win_rate": 0.5599, "decisions": 9898, "entropy": 1.3047, "league": 6, "minutes": 16.64}
{"iteration": 4928, "phase": "reinforce", "matches": 1892352, "train_win_rate": 0.5312, "decisions": 9621, "entropy": 1.2875, "league": 6, "minutes": 16.66}
{"iteration": 4929, "phase": "reinforce", "matches": 1892736, "train_win_rate": 0.5729, "decisions": 9569, "entropy": 1.271, "league": 6, "minutes": 16.68}
{"iteration": 4930, "phase": "reinforce", "matches": 1893120, "train_win_rate": 0.513, "decisions": 9658, "entropy": 1.2653, "league": 6, "minutes": 16.71}
{"iteration": 4931, "phase": "reinforce", "matches": 1893504, "train_win_rate": 0.5677, "decisions": 9715, "entropy": 1.2721, "league": 6, "minutes": 16.73}
{"iteration": 4932, "phase": "reinforce", "matches": 1893888, "train_win_rate": 0.5755, "decisions": 9759, "entropy": 1.2701, "league": 6, "minutes": 16.75}
{"iteration": 4933, "phase": "reinforce", "matches": 1894272, "train_win_rate": 0.526, "decisions": 9828, "entropy": 1.2587, "league": 6, "minutes": 16.78}
{"iteration": 4934, "phase": "reinforce", "matches": 1894656, "train_win_rate": 0.5052, "decisions": 9723, "entropy": 1.2964, "league": 6, "minutes": 16.8}
{"iteration": 4935, "phase": "reinforce", "matches": 1895040, "train_win_rate": 0.5286, "decisions": 9614, "entropy": 1.2807, "league": 6, "minutes": 16.82}
{"iteration": 4936, "phase": "reinforce", "matches": 1895424, "train_win_rate": 0.5052, "decisions": 9670, "entropy": 1.261, "league": 6, "minutes": 16.85}
{"iteration": 4937, "phase": "reinforce", "matches": 1895808, "train_win_rate": 0.5833, "decisions": 9875, "entropy": 1.2668, "league": 6, "minutes": 16.87}
{"iteration": 4938, "phase": "reinforce", "matches": 1896192, "train_win_rate": 0.5599, "decisions": 10103, "entropy": 1.2429, "league": 6, "minutes": 16.89}
{"iteration": 4939, "phase": "reinforce", "matches": 1896576, "train_win_rate": 0.5833, "decisions": 9848, "entropy": 1.2547, "league": 6, "minutes": 16.92}
{"iteration": 4940, "phase": "reinforce", "matches": 1896960, "train_win_rate": 0.4922, "decisions": 9621, "entropy": 1.2595, "league": 6, "minutes": 16.94}
{"iteration": 4941, "phase": "reinforce", "matches": 1897344, "train_win_rate": 0.5755, "decisions": 10101, "entropy": 1.2797, "league": 6, "minutes": 16.96}
{"iteration": 4942, "phase": "reinforce", "matches": 1897728, "train_win_rate": 0.5417, "decisions": 9941, "entropy": 1.2626, "league": 6, "minutes": 16.99}
{"iteration": 4943, "phase": "reinforce", "matches": 1898112, "train_win_rate": 0.5312, "decisions": 9841, "entropy": 1.2556, "league": 6, "minutes": 17.01}
{"iteration": 4944, "phase": "reinforce", "matches": 1898496, "train_win_rate": 0.5729, "decisions": 9832, "entropy": 1.2461, "league": 6, "minutes": 17.03}
{"iteration": 4945, "phase": "reinforce", "matches": 1898880, "train_win_rate": 0.5625, "decisions": 10072, "entropy": 1.2619, "league": 6, "minutes": 17.06}
{"iteration": 4946, "phase": "reinforce", "matches": 1899264, "train_win_rate": 0.5443, "decisions": 9665, "entropy": 1.2302, "league": 6, "minutes": 17.08}
{"iteration": 4947, "phase": "reinforce", "matches": 1899648, "train_win_rate": 0.5495, "decisions": 9933, "entropy": 1.2621, "league": 6, "minutes": 17.11}
{"iteration": 4948, "phase": "reinforce", "matches": 1900032, "train_win_rate": 0.5391, "decisions": 9900, "entropy": 1.2768, "league": 6, "minutes": 17.13}
{"iteration": 4949, "phase": "reinforce", "matches": 1900416, "train_win_rate": 0.5339, "decisions": 9801, "entropy": 1.257, "league": 6, "minutes": 17.15}
{"iteration": 4950, "phase": "reinforce", "matches": 1900800, "train_win_rate": 0.5547, "decisions": 9977, "entropy": 1.2579, "league": 6, "minutes": 17.18}
{"iteration": 4951, "phase": "reinforce", "matches": 1901184, "train_win_rate": 0.5156, "decisions": 9839, "entropy": 1.2481, "league": 6, "minutes": 17.21}
{"iteration": 4952, "phase": "reinforce", "matches": 1901568, "train_win_rate": 0.5573, "decisions": 9874, "entropy": 1.2499, "league": 6, "minutes": 17.23}
{"iteration": 4953, "phase": "reinforce", "matches": 1901952, "train_win_rate": 0.5443, "decisions": 9762, "entropy": 1.2668, "league": 6, "minutes": 17.25}
{"iteration": 4954, "phase": "reinforce", "matches": 1902336, "train_win_rate": 0.5677, "decisions": 10262, "entropy": 1.2749, "league": 6, "minutes": 17.28}
{"iteration": 4955, "phase": "reinforce", "matches": 1902720, "train_win_rate": 0.5391, "decisions": 10179, "entropy": 1.2815, "league": 6, "minutes": 17.31}
{"iteration": 4956, "phase": "reinforce", "matches": 1903104, "train_win_rate": 0.5885, "decisions": 9846, "entropy": 1.2627, "league": 6, "minutes": 17.33}
{"iteration": 4957, "phase": "reinforce", "matches": 1903488, "train_win_rate": 0.5234, "decisions": 9636, "entropy": 1.2662, "league": 6, "minutes": 17.36}
{"iteration": 4958, "phase": "reinforce", "matches": 1903872, "train_win_rate": 0.5312, "decisions": 9954, "entropy": 1.2642, "league": 6, "minutes": 17.39}
{"iteration": 4959, "phase": "reinforce", "matches": 1904256, "train_win_rate": 0.5521, "decisions": 9931, "entropy": 1.2667, "league": 6, "minutes": 17.41}
{"iteration": 4960, "phase": "reinforce", "matches": 1904640, "train_win_rate": 0.5339, "decisions": 9885, "entropy": 1.2724, "league": 6, "minutes": 17.44}
{"iteration": 4960, "eval_mean_edge": 3.09, "by_size": {"2": 0.9567, "3": 0.8867, "4": 0.8033, "5": 0.755, "6": 0.6483}}
{"iteration": 4961, "phase": "reinforce", "matches": 1905024, "train_win_rate": 0.5182, "decisions": 9849, "entropy": 1.279, "league": 6, "minutes": 17.6}
{"iteration": 4962, "phase": "reinforce", "matches": 1905408, "train_win_rate": 0.5078, "decisions": 9940, "entropy": 1.2934, "league": 6, "minutes": 17.64}
{"iteration": 4963, "phase": "reinforce", "matches": 1905792, "train_win_rate": 0.5495, "decisions": 9636, "entropy": 1.263, "league": 6, "minutes": 17.67}
{"iteration": 4964, "phase": "reinforce", "matches": 1906176, "train_win_rate": 0.5521, "decisions": 9775, "entropy": 1.2634, "league": 6, "minutes": 17.7}
{"iteration": 4965, "phase": "reinforce", "matches": 1906560, "train_win_rate": 0.5286, "decisions": 9985, "entropy": 1.259, "league": 6, "minutes": 17.73}
{"iteration": 4966, "phase": "reinforce", "matches": 1906944, "train_win_rate": 0.5182, "decisions": 9790, "entropy": 1.2574, "league": 6, "minutes": 17.76}
{"iteration": 4967, "phase": "reinforce", "matches": 1907328, "train_win_rate": 0.5208, "decisions": 9656, "entropy": 1.2676, "league": 6, "minutes": 17.79}
{"iteration": 4968, "phase": "reinforce", "matches": 1907712, "train_win_rate": 0.5469, "decisions": 9805, "entropy": 1.2722, "league": 6, "minutes": 17.82}
{"iteration": 4969, "phase": "reinforce", "matches": 1908096, "train_win_rate": 0.5521, "decisions": 9926, "entropy": 1.281, "league": 6, "minutes": 17.85}
{"iteration": 4970, "phase": "reinforce", "matches": 1908480, "train_win_rate": 0.5365, "decisions": 9842, "entropy": 1.2541, "league": 6, "minutes": 17.88}
[league] snapshot 6 added to the league at iteration 4970
{"iteration": 4971, "phase": "reinforce", "matches": 1908864, "train_win_rate": 0.5234, "decisions": 9584, "entropy": 1.2613, "league": 6, "minutes": 17.92}
{"iteration": 4972, "phase": "reinforce", "matches": 1909248, "train_win_rate": 0.5573, "decisions": 9577, "entropy": 1.2588, "league": 6, "minutes": 17.95}
{"iteration": 4973, "phase": "reinforce", "matches": 1909632, "train_win_rate": 0.5651, "decisions": 9983, "entropy": 1.276, "league": 6, "minutes": 17.98}
{"iteration": 4974, "phase": "reinforce", "matches": 1910016, "train_win_rate": 0.5781, "decisions": 9659, "entropy": 1.2474, "league": 6, "minutes": 18.01}
{"iteration": 4975, "phase": "reinforce", "matches": 1910400, "train_win_rate": 0.5938, "decisions": 9871, "entropy": 1.274, "league": 6, "minutes": 18.04}
{"iteration": 4976, "phase": "reinforce", "matches": 1910784, "train_win_rate": 0.5469, "decisions": 9711, "entropy": 1.2782, "league": 6, "minutes": 18.07}
{"iteration": 4977, "phase": "reinforce", "matches": 1911168, "train_win_rate": 0.5417, "decisions": 9742, "entropy": 1.2792, "league": 6, "minutes": 18.11}
{"iteration": 4978, "phase": "reinforce", "matches": 1911552, "train_win_rate": 0.5312, "decisions": 9491, "entropy": 1.273, "league": 6, "minutes": 18.14}
{"iteration": 4979, "phase": "reinforce", "matches": 1911936, "train_win_rate": 0.5755, "decisions": 9971, "entropy": 1.2766, "league": 6, "minutes": 18.17}
{"iteration": 4980, "phase": "reinforce", "matches": 1912320, "train_win_rate": 0.5625, "decisions": 9659, "entropy": 1.2477, "league": 6, "minutes": 18.2}
{"iteration": 4981, "phase": "reinforce", "matches": 1912704, "train_win_rate": 0.5156, "decisions": 9674, "entropy": 1.2769, "league": 6, "minutes": 18.23}
{"iteration": 4982, "phase": "reinforce", "matches": 1913088, "train_win_rate": 0.5286, "decisions": 9681, "entropy": 1.2667, "league": 6, "minutes": 18.26}
{"iteration": 4983, "phase": "reinforce", "matches": 1913472, "train_win_rate": 0.5573, "decisions": 9847, "entropy": 1.2534, "league": 6, "minutes": 18.29}
{"iteration": 4984, "phase": "reinforce", "matches": 1913856, "train_win_rate": 0.5365, "decisions": 9414, "entropy": 1.2552, "league": 6, "minutes": 18.32}
{"iteration": 4985, "phase": "reinforce", "matches": 1914240, "train_win_rate": 0.5339, "decisions": 9763, "entropy": 1.2588, "league": 6, "minutes": 18.35}
{"iteration": 4986, "phase": "reinforce", "matches": 1914624, "train_win_rate": 0.5443, "decisions": 9857, "entropy": 1.2897, "league": 6, "minutes": 18.39}
{"iteration": 4987, "phase": "reinforce", "matches": 1915008, "train_win_rate": 0.5234, "decisions": 9295, "entropy": 1.2584, "league": 6, "minutes": 18.42}
{"iteration": 4988, "phase": "reinforce", "matches": 1915392, "train_win_rate": 0.5078, "decisions": 9494, "entropy": 1.2624, "league": 6, "minutes": 18.45}
{"iteration": 4989, "phase": "reinforce", "matches": 1915776, "train_win_rate": 0.5833, "decisions": 9612, "entropy": 1.2761, "league": 6, "minutes": 18.48}
{"iteration": 4990, "phase": "reinforce", "matches": 1916160, "train_win_rate": 0.4922, "decisions": 9509, "entropy": 1.2856, "league": 6, "minutes": 18.51}
{"iteration": 4991, "phase": "reinforce", "matches": 1916544, "train_win_rate": 0.5104, "decisions": 9466, "entropy": 1.2615, "league": 6, "minutes": 18.53}
{"iteration": 4992, "phase": "reinforce", "matches": 1916928, "train_win_rate": 0.5, "decisions": 9518, "entropy": 1.2584, "league": 6, "minutes": 18.56}
{"iteration": 4993, "phase": "reinforce", "matches": 1917312, "train_win_rate": 0.5755, "decisions": 10010, "entropy": 1.2724, "league": 6, "minutes": 18.58}
{"iteration": 4994, "phase": "reinforce", "matches": 1917696, "train_win_rate": 0.5677, "decisions": 9551, "entropy": 1.2451, "league": 6, "minutes": 18.6}
{"iteration": 4995, "phase": "reinforce", "matches": 1918080, "train_win_rate": 0.5495, "decisions": 9529, "entropy": 1.2609, "league": 6, "minutes": 18.63}
{"iteration": 4996, "phase": "reinforce", "matches": 1918464, "train_win_rate": 0.5859, "decisions": 9590, "entropy": 1.2412, "league": 6, "minutes": 18.65}
{"iteration": 4997, "phase": "reinforce", "matches": 1918848, "train_win_rate": 0.5104, "decisions": 9284, "entropy": 1.2786, "league": 6, "minutes": 18.67}
{"iteration": 4998, "phase": "reinforce", "matches": 1919232, "train_win_rate": 0.5417, "decisions": 9695, "entropy": 1.2707, "league": 6, "minutes": 18.7}
{"iteration": 4999, "phase": "reinforce", "matches": 1919616, "train_win_rate": 0.5495, "decisions": 9273, "entropy": 1.24, "league": 6, "minutes": 18.72}
{"iteration": 5000, "phase": "reinforce", "matches": 1920000, "train_win_rate": 0.5521, "decisions": 9613, "entropy": 1.2575, "league": 6, "minutes": 18.75}
{"iteration": 5000, "eval_mean_edge": 3.107, "by_size": {"2": 0.95, "3": 0.8667, "4": 0.81, "5": 0.755, "6": 0.67}}
{"iteration": 5001, "phase": "reinforce", "matches": 1920384, "train_win_rate": 0.5469, "decisions": 9685, "entropy": 1.2671, "league": 6, "minutes": 18.89}
{"iteration": 5002, "phase": "reinforce", "matches": 1920768, "train_win_rate": 0.5156, "decisions": 9490, "entropy": 1.2449, "league": 6, "minutes": 18.91}
{"iteration": 5003, "phase": "reinforce", "matches": 1921152, "train_win_rate": 0.4661, "decisions": 9769, "entropy": 1.2731, "league": 6, "minutes": 18.94}
{"iteration": 5004, "phase": "reinforce", "matches": 1921536, "train_win_rate": 0.5833, "decisions": 9554, "entropy": 1.2555, "league": 6, "minutes": 18.96}
{"iteration": 5005, "phase": "reinforce", "matches": 1921920, "train_win_rate": 0.5495, "decisions": 9675, "entropy": 1.2607, "league": 6, "minutes": 18.98}
{"iteration": 5006, "phase": "reinforce", "matches": 1922304, "train_win_rate": 0.5391, "decisions": 9726, "entropy": 1.2543, "league": 6, "minutes": 19.01}
{"iteration": 5007, "phase": "reinforce", "matches": 1922688, "train_win_rate": 0.526, "decisions": 9871, "entropy": 1.2904, "league": 6, "minutes": 19.03}
{"iteration": 5008, "phase": "reinforce", "matches": 1923072, "train_win_rate": 0.5547, "decisions": 9550, "entropy": 1.2549, "league": 6, "minutes": 19.05}
{"iteration": 5009, "phase": "reinforce", "matches": 1923456, "train_win_rate": 0.5286, "decisions": 9785, "entropy": 1.2733, "league": 6, "minutes": 19.08}
{"iteration": 5010, "phase": "reinforce", "matches": 1923840, "train_win_rate": 0.5547, "decisions": 9803, "entropy": 1.2661, "league": 6, "minutes": 19.1}
{"iteration": 5011, "phase": "reinforce", "matches": 1924224, "train_win_rate": 0.5781, "decisions": 9906, "entropy": 1.2562, "league": 6, "minutes": 19.13}
{"iteration": 5012, "phase": "reinforce", "matches": 1924608, "train_win_rate": 0.5208, "decisions": 9374, "entropy": 1.2745, "league": 6, "minutes": 19.15}
{"iteration": 5013, "phase": "reinforce", "matches": 1924992, "train_win_rate": 0.6172, "decisions": 9845, "entropy": 1.2501, "league": 6, "minutes": 19.18}
{"iteration": 5014, "phase": "reinforce", "matches": 1925376, "train_win_rate": 0.5703, "decisions": 9640, "entropy": 1.2742, "league": 6, "minutes": 19.2}
{"iteration": 5015, "phase": "reinforce", "matches": 1925760, "train_win_rate": 0.4922, "decisions": 9679, "entropy": 1.2948, "league": 6, "minutes": 19.22}
{"iteration": 5016, "phase": "reinforce", "matches": 1926144, "train_win_rate": 0.5365, "decisions": 9618, "entropy": 1.2731, "league": 6, "minutes": 19.25}
{"iteration": 5017, "phase": "reinforce", "matches": 1926528, "train_win_rate": 0.5755, "decisions": 9834, "entropy": 1.2531, "league": 6, "minutes": 19.27}
{"iteration": 5018, "phase": "reinforce", "matches": 1926912, "train_win_rate": 0.4844, "decisions": 9317, "entropy": 1.2807, "league": 6, "minutes": 19.29}
{"iteration": 5019, "phase": "reinforce", "matches": 1927296, "train_win_rate": 0.5078, "decisions": 9561, "entropy": 1.2582, "league": 6, "minutes": 19.32}
{"iteration": 5020, "phase": "reinforce", "matches": 1927680, "train_win_rate": 0.4583, "decisions": 9827, "entropy": 1.2768, "league": 6, "minutes": 19.34}
[league] snapshot 6 added to the league at iteration 5020
{"iteration": 5021, "phase": "reinforce", "matches": 1928064, "train_win_rate": 0.5182, "decisions": 9435, "entropy": 1.2655, "league": 6, "minutes": 19.37}
{"iteration": 5022, "phase": "reinforce", "matches": 1928448, "train_win_rate": 0.5104, "decisions": 9368, "entropy": 1.2504, "league": 6, "minutes": 19.39}
{"iteration": 5023, "phase": "reinforce", "matches": 1928832, "train_win_rate": 0.5312, "decisions": 9365, "entropy": 1.2414, "league": 6, "minutes": 19.41}
{"iteration": 5024, "phase": "reinforce", "matches": 1929216, "train_win_rate": 0.526, "decisions": 9680, "entropy": 1.26, "league": 6, "minutes": 19.44}
{"iteration": 5025, "phase": "reinforce", "matches": 1929600, "train_win_rate": 0.5312, "decisions": 9727, "entropy": 1.2576, "league": 6, "minutes": 19.46}
{"iteration": 5026, "phase": "reinforce", "matches": 1929984, "train_win_rate": 0.5365, "decisions": 9625, "entropy": 1.2635, "league": 6, "minutes": 19.48}
{"iteration": 5027, "phase": "reinforce", "matches": 1930368, "train_win_rate": 0.5365, "decisions": 9708, "entropy": 1.2563, "league": 6, "minutes": 19.51}
{"iteration": 5028, "phase": "reinforce", "matches": 1930752, "train_win_rate": 0.5729, "decisions": 9415, "entropy": 1.2518, "league": 6, "minutes": 19.53}
{"iteration": 5029, "phase": "reinforce", "matches": 1931136, "train_win_rate": 0.5312, "decisions": 9380, "entropy": 1.2444, "league": 6, "minutes": 19.55}
{"iteration": 5030, "phase": "reinforce", "matches": 1931520, "train_win_rate": 0.5625, "decisions": 9399, "entropy": 1.2582, "league": 6, "minutes": 19.58}
{"iteration": 5031, "phase": "reinforce", "matches": 1931904, "train_win_rate": 0.5078, "decisions": 9730, "entropy": 1.2639, "league": 6, "minutes": 19.6}
{"iteration": 5032, "phase": "reinforce", "matches": 1932288, "train_win_rate": 0.5365, "decisions": 9935, "entropy": 1.2705, "league": 6, "minutes": 19.63}
{"iteration": 5032, "eval_mean_edge": 3.09, "by_size": {"2": 0.945, "3": 0.855, "4": 0.8167, "5": 0.7533, "6": 0.66}}
[finish] run finished, best mean edge 3.113
